,Bacteria,NP_Synthesis,NP size_min (nm),NP size_max (nm),NP size_avg (nm),shape,method,MIC_NP,kingdom,phylum,class,order,family,genus,species,gram,"min_Incub_period, h","avg_Incub_period, h","max_Incub_period, h","growth_temp, C",biosafety_level,isolated_from
56,Staphylococcus aureus,green_synthesis from fungus  Phytophthora infestans,5,80,60,spherical,MIC,5,Bacteria,Bacillota,Bacilli,Bacillales,Staphylococcaceae,Staphylococcus,Staphylococcus aureus,p,24,36,48,37,2,skin
57,Pseudomonas aeruginosa,green_synthesis from fungus  Phytophthora infestans,5,80,60,spherical,MIC,2.5,Bacteria,Pseudomonadota,Gammaproteobacteria,Pseudomonadales,Pseudomonadaceae,Pseudomonas,Pseudomonas aeruginosa group,n,24,48,72,37,2,soil
58,Escherichia coli,green_synthesis from fungus  Phytophthora infestans,5,80,60,spherical,MIC,2.5,Bacteria,Pseudomonadota,Gammaproteobacteria,Enterobacterales,Enterobacteriaceae,Escherichia,Escherichia coli,n,48,84,120,37,2,urine
59,Staphylococcus aureus,green_synthesis from fungus  Phytophthora infestans,5,80,60,spherical,MIC,5,Bacteria,Bacillota,Bacilli,Bacillales,Staphylococcaceae,Staphylococcus,Staphylococcus aureus,p,24,36,48,37,2,skin
60,Pseudomonas aeruginosa,green_synthesis from fungus  Phytophthora infestans,5,80,60,spherical,MIC,2.5,Bacteria,Pseudomonadota,Gammaproteobacteria,Pseudomonadales,Pseudomonadaceae,Pseudomonas,Pseudomonas aeruginosa group,n,24,48,72,37,2,soil
61,Escherichia coli,green_synthesis from fungus  Phytophthora infestans,5,80,60,spherical,MIC,2.5,Bacteria,Pseudomonadota,Gammaproteobacteria,Enterobacterales,Enterobacteriaceae,Escherichia,Escherichia coli,n,48,84,120,37,2,urine
62,Staphylococcus aureus,green_synthesis from fungus  Phytophthora infestans,5,80,60,spherical,MIC,5,Bacteria,Bacillota,Bacilli,Bacillales,Staphylococcaceae,Staphylococcus,Staphylococcus aureus,p,24,36,48,37,2,skin
63,Pseudomonas aeruginosa,green_synthesis from fungus  Phytophthora infestans,5,80,60,spherical,MIC,2.5,Bacteria,Pseudomonadota,Gammaproteobacteria,Pseudomonadales,Pseudomonadaceae,Pseudomonas,Pseudomonas aeruginosa group,n,24,48,72,37,2,soil
64,Escherichia coli,green_synthesis from fungus  Phytophthora infestans,5,80,60,spherical,MIC,2.5,Bacteria,Pseudomonadota,Gammaproteobacteria,Enterobacterales,Enterobacteriaceae,Escherichia,Escherichia coli,n,48,84,120,37,2,urine
65,Staphylococcus aureus,green_synthesis from fungus  Phytophthora infestans,5,80,60,spherical,MIC,5,Bacteria,Bacillota,Bacilli,Bacillales,Staphylococcaceae,Staphylococcus,Staphylococcus aureus,p,24,36,48,37,2,skin
66,Pseudomonas aeruginosa,green_synthesis from fungus  Phytophthora infestans,5,80,60,spherical,MIC,2.5,Bacteria,Pseudomonadota,Gammaproteobacteria,Pseudomonadales,Pseudomonadaceae,Pseudomonas,Pseudomonas aeruginosa group,n,24,48,72,37,2,soil
67,Escherichia coli,green_synthesis from fungus  Phytophthora infestans,5,80,60,spherical,MIC,2.5,Bacteria,Pseudomonadota,Gammaproteobacteria,Enterobacterales,Enterobacteriaceae,Escherichia,Escherichia coli,n,48,84,120,37,2,urine
68,Staphylococcus aureus,green_synthesis from fungus  Phytophthora infestans,5,80,60,spherical,MIC,5,Bacteria,Bacillota,Bacilli,Bacillales,Staphylococcaceae,Staphylococcus,Staphylococcus aureus,p,24,36,48,37,2,skin
69,Pseudomonas aeruginosa,green_synthesis from fungus  Phytophthora infestans,5,80,60,spherical,MIC,2.5,Bacteria,Pseudomonadota,Gammaproteobacteria,Pseudomonadales,Pseudomonadaceae,Pseudomonas,Pseudomonas aeruginosa group,n,24,48,72,37,2,soil
70,Escherichia coli,green_synthesis from fungus  Phytophthora infestans,5,80,60,spherical,MIC,2.5,Bacteria,Pseudomonadota,Gammaproteobacteria,Enterobacterales,Enterobacteriaceae,Escherichia,Escherichia coli,n,48,84,120,37,2,urine
71,Staphylococcus aureus,green_synthesis from fungus  Phytophthora infestans,5,80,60,spherical,MIC,5,Bacteria,Bacillota,Bacilli,Bacillales,Staphylococcaceae,Staphylococcus,Staphylococcus aureus,p,24,36,48,37,2,skin
72,Pseudomonas aeruginosa,green_synthesis from fungus  Phytophthora infestans,5,80,60,spherical,MIC,2.5,Bacteria,Pseudomonadota,Gammaproteobacteria,Pseudomonadales,Pseudomonadaceae,Pseudomonas,Pseudomonas aeruginosa group,n,24,48,72,37,2,soil
73,Escherichia coli,green_synthesis from fungus  Phytophthora infestans,5,80,60,spherical,MIC,2.5,Bacteria,Pseudomonadota,Gammaproteobacteria,Enterobacterales,Enterobacteriaceae,Escherichia,Escherichia coli,n,48,84,120,37,2,urine
92,Salmonella enterica,chem_synthesis_reduction_by_D_maltose,4,10,8,spherical,MIC,12.5,Bacteria,Pseudomonadota,Gammaproteobacteria,Enterobacterales,Enterobacteriaceae,Salmonella,Salmonella enterica,n,12,42,72,37,2,food
93,Staphylococcus aureus,chem_synthesis_reduction_by_D_maltose,4,10,8,spherical,MIC,25,Bacteria,Bacillota,Bacilli,Bacillales,Staphylococcaceae,Staphylococcus,Staphylococcus aureus,p,24,36,48,37,2,skin
94,Escherichia coli,chem_synthesis_reduction_by_D_maltose,4,10,8,spherical,MIC,6.3,Bacteria,Pseudomonadota,Gammaproteobacteria,Enterobacterales,Enterobacteriaceae,Escherichia,Escherichia coli,n,48,84,120,37,2,urine
95,Actinobacillus pleuropneumoniae,chem_synthesis_reduction_by_D_maltose,4,10,8,spherical,MIC,25,Bacteria,Pseudomonadota,Gammaproteobacteria,Pasteurellales,Pasteurellaceae,Actinobacillus,Actinobacillus pleuropneumoniae,n,24,36,48,37,2,lungs
96,Pasteurella Multocida,chem_synthesis_reduction_by_D_maltose,4,10,8,spherical,MIC,100,Bacteria,Pseudomonadota,Gammaproteobacteria,Pasteurellales,Pasteurellaceae,Pasteurella,Pasteurella Multocida,n,12,18,24,37,2,lungs
97,Streptococcus uberis,chem_synthesis_reduction_by_D_maltose,4,10,8,spherical,MIC,6.3,Bacteria,Bacillota,Bacilli,Lactobacillales,Streptococcaceae,Streptococcus,Streptococcus uberis,p,24,36,48,37,2,mammary gland
98,Salmonella enterica,chem_synthesis_reduction_by_D_maltose,15,30,28,spherical,MIC,25,Bacteria,Pseudomonadota,Gammaproteobacteria,Enterobacterales,Enterobacteriaceae,Salmonella,Salmonella enterica,n,12,42,72,37,2,food
99,Staphylococcus aureus,chem_synthesis_reduction_by_D_maltose,15,30,28,spherical,MIC,50,Bacteria,Bacillota,Bacilli,Bacillales,Staphylococcaceae,Staphylococcus,Staphylococcus aureus,p,24,36,48,37,2,skin
100,Escherichia coli,chem_synthesis_reduction_by_D_maltose,15,30,28,spherical,MIC,25,Bacteria,Pseudomonadota,Gammaproteobacteria,Enterobacterales,Enterobacteriaceae,Escherichia,Escherichia coli,n,48,84,120,37,2,urine
101,Actinobacillus pleuropneumoniae,chem_synthesis_reduction_by_D_maltose,15,30,28,spherical,MIC,50,Bacteria,Pseudomonadota,Gammaproteobacteria,Pasteurellales,Pasteurellaceae,Actinobacillus,Actinobacillus pleuropneumoniae,n,24,36,48,37,2,lungs
102,Pasteurella Multocida,chem_synthesis_reduction_by_D_maltose,15,30,28,spherical,MIC,50,Bacteria,Pseudomonadota,Gammaproteobacteria,Pasteurellales,Pasteurellaceae,Pasteurella,Pasteurella Multocida,n,12,18,24,37,2,lungs
103,Streptococcus uberis,chem_synthesis_reduction_by_D_maltose,15,30,28,spherical,MIC,6.3,Bacteria,Bacillota,Bacilli,Lactobacillales,Streptococcaceae,Streptococcus,Streptococcus uberis,p,24,36,48,37,2,mammary gland
104,Salmonella enterica,chem_synthesis_reduction_by_D_maltose,4,10,8,spherical,MIC,12.5,Bacteria,Pseudomonadota,Gammaproteobacteria,Enterobacterales,Enterobacteriaceae,Salmonella,Salmonella enterica,n,12,42,72,37,2,food
105,Staphylococcus aureus,chem_synthesis_reduction_by_D_maltose,4,10,8,spherical,MIC,25,Bacteria,Bacillota,Bacilli,Bacillales,Staphylococcaceae,Staphylococcus,Staphylococcus aureus,p,24,36,48,37,2,skin
106,Escherichia coli,chem_synthesis_reduction_by_D_maltose,4,10,8,spherical,MIC,6.3,Bacteria,Pseudomonadota,Gammaproteobacteria,Enterobacterales,Enterobacteriaceae,Escherichia,Escherichia coli,n,48,84,120,37,2,urine
107,Actinobacillus pleuropneumoniae,chem_synthesis_reduction_by_D_maltose,4,10,8,spherical,MIC,25,Bacteria,Pseudomonadota,Gammaproteobacteria,Pasteurellales,Pasteurellaceae,Actinobacillus,Actinobacillus pleuropneumoniae,n,24,36,48,37,2,lungs
108,Pasteurella Multocida,chem_synthesis_reduction_by_D_maltose,4,10,8,spherical,MIC,100,Bacteria,Pseudomonadota,Gammaproteobacteria,Pasteurellales,Pasteurellaceae,Pasteurella,Pasteurella Multocida,n,12,18,24,37,2,lungs
109,Salmonella enterica,chem_synthesis_reduction_by_D_maltose,15,30,28,spherical,MIC,25,Bacteria,Pseudomonadota,Gammaproteobacteria,Enterobacterales,Enterobacteriaceae,Salmonella,Salmonella enterica,n,12,42,72,37,2,food
110,Staphylococcus aureus,chem_synthesis_reduction_by_D_maltose,15,30,28,spherical,MIC,50,Bacteria,Bacillota,Bacilli,Bacillales,Staphylococcaceae,Staphylococcus,Staphylococcus aureus,p,24,36,48,37,2,skin
111,Escherichia coli,chem_synthesis_reduction_by_D_maltose,15,30,28,spherical,MIC,25,Bacteria,Pseudomonadota,Gammaproteobacteria,Enterobacterales,Enterobacteriaceae,Escherichia,Escherichia coli,n,48,84,120,37,2,urine
112,Actinobacillus pleuropneumoniae,chem_synthesis_reduction_by_D_maltose,15,30,28,spherical,MIC,50,Bacteria,Pseudomonadota,Gammaproteobacteria,Pasteurellales,Pasteurellaceae,Actinobacillus,Actinobacillus pleuropneumoniae,n,24,36,48,37,2,lungs
113,Pasteurella Multocida,chem_synthesis_reduction_by_D_maltose,15,30,28,spherical,MIC,50,Bacteria,Pseudomonadota,Gammaproteobacteria,Pasteurellales,Pasteurellaceae,Pasteurella,Pasteurella Multocida,n,12,18,24,37,2,lungs
114,Salmonella enterica,chem_synthesis_reduction_by_D_maltose,4,10,8,spherical,MIC,12.5,Bacteria,Pseudomonadota,Gammaproteobacteria,Enterobacterales,Enterobacteriaceae,Salmonella,Salmonella enterica,n,12,42,72,37,2,food
115,Staphylococcus aureus,chem_synthesis_reduction_by_D_maltose,4,10,8,spherical,MIC,25,Bacteria,Bacillota,Bacilli,Bacillales,Staphylococcaceae,Staphylococcus,Staphylococcus aureus,p,24,36,48,37,2,skin
116,Escherichia coli,chem_synthesis_reduction_by_D_maltose,4,10,8,spherical,MIC,6.3,Bacteria,Pseudomonadota,Gammaproteobacteria,Enterobacterales,Enterobacteriaceae,Escherichia,Escherichia coli,n,48,84,120,37,2,urine
117,Actinobacillus pleuropneumoniae,chem_synthesis_reduction_by_D_maltose,4,10,8,spherical,MIC,25,Bacteria,Pseudomonadota,Gammaproteobacteria,Pasteurellales,Pasteurellaceae,Actinobacillus,Actinobacillus pleuropneumoniae,n,24,36,48,37,2,lungs
118,Pasteurella Multocida,chem_synthesis_reduction_by_D_maltose,4,10,8,spherical,MIC,100,Bacteria,Pseudomonadota,Gammaproteobacteria,Pasteurellales,Pasteurellaceae,Pasteurella,Pasteurella Multocida,n,12,18,24,37,2,lungs
119,Salmonella enterica,chem_synthesis_reduction_by_D_maltose,15,30,28,spherical,MIC,25,Bacteria,Pseudomonadota,Gammaproteobacteria,Enterobacterales,Enterobacteriaceae,Salmonella,Salmonella enterica,n,12,42,72,37,2,food
120,Staphylococcus aureus,chem_synthesis_reduction_by_D_maltose,15,30,28,spherical,MIC,50,Bacteria,Bacillota,Bacilli,Bacillales,Staphylococcaceae,Staphylococcus,Staphylococcus aureus,p,24,36,48,37,2,skin
121,Escherichia coli,chem_synthesis_reduction_by_D_maltose,15,30,28,spherical,MIC,25,Bacteria,Pseudomonadota,Gammaproteobacteria,Enterobacterales,Enterobacteriaceae,Escherichia,Escherichia coli,n,48,84,120,37,2,urine
122,Actinobacillus pleuropneumoniae,chem_synthesis_reduction_by_D_maltose,15,30,28,spherical,MIC,50,Bacteria,Pseudomonadota,Gammaproteobacteria,Pasteurellales,Pasteurellaceae,Actinobacillus,Actinobacillus pleuropneumoniae,n,24,36,48,37,2,lungs
123,Pasteurella Multocida,chem_synthesis_reduction_by_D_maltose,15,30,28,spherical,MIC,50,Bacteria,Pseudomonadota,Gammaproteobacteria,Pasteurellales,Pasteurellaceae,Pasteurella,Pasteurella Multocida,n,12,18,24,37,2,lungs
124,Salmonella enterica,chem_synthesis_reduction_by_D_maltose,4,10,8,spherical,MIC,12.5,Bacteria,Pseudomonadota,Gammaproteobacteria,Enterobacterales,Enterobacteriaceae,Salmonella,Salmonella enterica,n,12,42,72,37,2,food
125,Escherichia coli,chem_synthesis_reduction_by_D_maltose,4,10,8,spherical,MIC,6.3,Bacteria,Pseudomonadota,Gammaproteobacteria,Enterobacterales,Enterobacteriaceae,Escherichia,Escherichia coli,n,48,84,120,37,2,urine
126,Actinobacillus pleuropneumoniae,chem_synthesis_reduction_by_D_maltose,4,10,8,spherical,MIC,25,Bacteria,Pseudomonadota,Gammaproteobacteria,Pasteurellales,Pasteurellaceae,Actinobacillus,Actinobacillus pleuropneumoniae,n,24,36,48,37,2,lungs
127,Pasteurella Multocida,chem_synthesis_reduction_by_D_maltose,4,10,8,spherical,MIC,100,Bacteria,Pseudomonadota,Gammaproteobacteria,Pasteurellales,Pasteurellaceae,Pasteurella,Pasteurella Multocida,n,12,18,24,37,2,lungs
128,Salmonella enterica,chem_synthesis_reduction_by_D_maltose,15,30,28,spherical,MIC,25,Bacteria,Pseudomonadota,Gammaproteobacteria,Enterobacterales,Enterobacteriaceae,Salmonella,Salmonella enterica,n,12,42,72,37,2,food
129,Escherichia coli,chem_synthesis_reduction_by_D_maltose,15,30,28,spherical,MIC,25,Bacteria,Pseudomonadota,Gammaproteobacteria,Enterobacterales,Enterobacteriaceae,Escherichia,Escherichia coli,n,48,84,120,37,2,urine
130,Actinobacillus pleuropneumoniae,chem_synthesis_reduction_by_D_maltose,15,30,28,spherical,MIC,50,Bacteria,Pseudomonadota,Gammaproteobacteria,Pasteurellales,Pasteurellaceae,Actinobacillus,Actinobacillus pleuropneumoniae,n,24,36,48,37,2,lungs
131,Pasteurella Multocida,chem_synthesis_reduction_by_D_maltose,15,30,28,spherical,MIC,50,Bacteria,Pseudomonadota,Gammaproteobacteria,Pasteurellales,Pasteurellaceae,Pasteurella,Pasteurella Multocida,n,12,18,24,37,2,lungs
132,Enterococcus faecium,chem_synthesis,3,3,3,spherical,MIC,0.25,Bacteria,Bacillota,Bacilli,Lactobacillales,Enterococcaceae,Enterococcus,Enterococcus faecium,p,24,36,48,37,2,blood
133,Staphylococcus aureus,chem_synthesis,3,3,3,spherical,MIC,0.5,Bacteria,Bacillota,Bacilli,Bacillales,Staphylococcaceae,Staphylococcus,Staphylococcus aureus,p,24,36,48,37,2,skin
134,Streptococcus mutans,chem_synthesis,3,3,3,spherical,MIC,2,Bacteria,Bacillota,Bacilli,Lactobacillales,Streptococcaceae,Streptococcus,Streptococcus mutans,p,24,36,48,37,2,carious dentine
135,Escherichia coli O157,chem_synthesis,3,3,3,spherical,MIC,0.5,Bacteria,Pseudomonadota,Gammaproteobacteria,Enterobacterales,Enterobacteriaceae,Escherichia,Escherichia coli,n,48,84,120,37,2,urine
136,Escherichia coli,chem_synthesis,3,3,3,spherical,MIC,2,Bacteria,Pseudomonadota,Gammaproteobacteria,Enterobacterales,Enterobacteriaceae,Escherichia,Escherichia coli,n,48,84,120,37,2,urine
137,Pseudomonas aeruginosa,chem_synthesis,3,3,3,spherical,MIC,0.5,Bacteria,Pseudomonadota,Gammaproteobacteria,Pseudomonadales,Pseudomonadaceae,Pseudomonas,Pseudomonas aeruginosa group,n,24,48,72,37,2,soil
138,Enterococcus faecium,chem_synthesis,3,3,3,spherical,MIC,0.25,Bacteria,Bacillota,Bacilli,Lactobacillales,Enterococcaceae,Enterococcus,Enterococcus faecium,p,24,36,48,37,2,blood
139,Staphylococcus aureus,chem_synthesis,3,3,3,spherical,MIC,0.5,Bacteria,Bacillota,Bacilli,Bacillales,Staphylococcaceae,Staphylococcus,Staphylococcus aureus,p,24,36,48,37,2,skin
140,Streptococcus mutans,chem_synthesis,3,3,3,spherical,MIC,2,Bacteria,Bacillota,Bacilli,Lactobacillales,Streptococcaceae,Streptococcus,Streptococcus mutans,p,24,36,48,37,2,carious dentine
141,Escherichia coli,chem_synthesis,3,3,3,spherical,MIC,0.5,Bacteria,Pseudomonadota,Gammaproteobacteria,Enterobacterales,Enterobacteriaceae,Escherichia,Escherichia coli,n,48,84,120,37,2,urine
142,Escherichia coli O157,chem_synthesis,3,3,3,spherical,MIC,2,Bacteria,Pseudomonadota,Gammaproteobacteria,Enterobacterales,Enterobacteriaceae,Escherichia,Escherichia coli,n,48,84,120,37,2,urine
143,Pseudomonas aeruginosa,chem_synthesis,3,3,3,spherical,MIC,0.5,Bacteria,Pseudomonadota,Gammaproteobacteria,Pseudomonadales,Pseudomonadaceae,Pseudomonas,Pseudomonas aeruginosa group,n,24,48,72,37,2,soil
144,Enterococcus faecium,chem_synthesis,3,3,3,spherical,MIC,0.25,Bacteria,Bacillota,Bacilli,Lactobacillales,Enterococcaceae,Enterococcus,Enterococcus faecium,p,24,36,48,37,2,blood
145,Staphylococcus aureus,chem_synthesis,3,3,3,spherical,MIC,0.5,Bacteria,Bacillota,Bacilli,Bacillales,Staphylococcaceae,Staphylococcus,Staphylococcus aureus,p,24,36,48,37,2,skin
146,Streptococcus mutans,chem_synthesis,3,3,3,spherical,MIC,2,Bacteria,Bacillota,Bacilli,Lactobacillales,Streptococcaceae,Streptococcus,Streptococcus mutans,p,24,36,48,37,2,carious dentine
147,Escherichia coli,chem_synthesis,3,3,3,spherical,MIC,0.5,Bacteria,Pseudomonadota,Gammaproteobacteria,Enterobacterales,Enterobacteriaceae,Escherichia,Escherichia coli,n,48,84,120,37,2,urine
148,Escherichia coli O157,chem_synthesis,3,3,3,spherical,MIC,2,Bacteria,Pseudomonadota,Gammaproteobacteria,Enterobacterales,Enterobacteriaceae,Escherichia,Escherichia coli,n,48,84,120,37,2,urine
149,Pseudomonas aeruginosa,chem_synthesis,3,3,3,spherical,MIC,0.5,Bacteria,Pseudomonadota,Gammaproteobacteria,Pseudomonadales,Pseudomonadaceae,Pseudomonas,Pseudomonas aeruginosa group,n,24,48,72,37,2,soil
608,Bacillus cereus,green_synthesis using extract of corn leaves,31,69,45.26,spherical,MIC,25,Bacteria,Bacillota,Bacilli,Bacillales,Bacillaceae,Bacillus,Bacillus cereus group,p,4,10,16,30,2,food
609,Escherichia coli,green_synthesis using extract of corn leaves,31,69,45.26,spherical,MIC,50,Bacteria,Pseudomonadota,Gammaproteobacteria,Enterobacterales,Enterobacteriaceae,Escherichia,Escherichia coli,n,48,84,120,37,2,urine
610,Listeria monocytogenes,green_synthesis using extract of corn leaves,31,69,45.26,spherical,MIC,25,Bacteria,Bacillota,Bacilli,Bacillales,Listeriaceae,Listeria,Listeria monocytogenes,p,24,36,48,37,2,food
611,Staphylococcus aureus,green_synthesis using extract of corn leaves,31,69,45.26,spherical,MIC,12.5,Bacteria,Bacillota,Bacilli,Bacillales,Staphylococcaceae,Staphylococcus,Staphylococcus aureus,p,24,36,48,37,2,skin
612,Salmonella typhimurium,green_synthesis using extract of corn leaves,31,69,45.26,spherical,MIC,50,Bacteria,Pseudomonadota,Gammaproteobacteria,Enterobacterales,Enterobacteriaceae,Salmonella,Salmonella enterica,n,6,39,72,37,2,meat
613,Bacillus cereus,green_synthesis using extract of corn leaves,31,69,45.26,spherical,MBC,50,Bacteria,Bacillota,Bacilli,Bacillales,Bacillaceae,Bacillus,Bacillus cereus group,p,4,10,16,30,2,food
614,Escherichia coli,green_synthesis using extract of corn leaves,31,69,45.26,spherical,MBC,100,Bacteria,Pseudomonadota,Gammaproteobacteria,Enterobacterales,Enterobacteriaceae,Escherichia,Escherichia coli,n,48,84,120,37,2,urine
615,Listeria monocytogenes,green_synthesis using extract of corn leaves,31,69,45.26,spherical,MBC,50,Bacteria,Bacillota,Bacilli,Bacillales,Listeriaceae,Listeria,Listeria monocytogenes,p,24,36,48,37,2,food
616,Staphylococcus aureus,green_synthesis using extract of corn leaves,31,69,45.26,spherical,MBC,25,Bacteria,Bacillota,Bacilli,Bacillales,Staphylococcaceae,Staphylococcus,Staphylococcus aureus,p,24,36,48,37,2,skin
617,Salmonella typhimurium,green_synthesis using extract of corn leaves,31,69,45.26,spherical,MBC,100,Bacteria,Pseudomonadota,Gammaproteobacteria,Enterobacterales,Enterobacteriaceae,Salmonella,Salmonella enterica,n,6,39,72,37,2,meat
633,Escherichia coli,green_synthesis using extract of Acinetobacter baumannii,1,9,4.7,spherical,MIC,64,Bacteria,Pseudomonadota,Gammaproteobacteria,Enterobacterales,Enterobacteriaceae,Escherichia,Escherichia coli,n,48,84,120,37,2,urine
634,Escherichia coli,green_synthesis using extract of Acinetobacter baumannii,1,9,4.7,spherical,MIC,64,Bacteria,Pseudomonadota,Gammaproteobacteria,Enterobacterales,Enterobacteriaceae,Escherichia,Escherichia coli,n,48,84,120,37,2,urine
635,Escherichia coli,green_synthesis using extract of Acinetobacter baumannii,1,9,4.7,spherical,MIC,64,Bacteria,Pseudomonadota,Gammaproteobacteria,Enterobacterales,Enterobacteriaceae,Escherichia,Escherichia coli,n,48,84,120,37,2,urine
636,Escherichia coli,green_synthesis using extract of Acinetobacter baumannii,1,9,4.7,spherical,MIC,64,Bacteria,Pseudomonadota,Gammaproteobacteria,Enterobacterales,Enterobacteriaceae,Escherichia,Escherichia coli,n,48,84,120,37,2,urine
637,Escherichia coli,green_synthesis using extract of Acinetobacter baumannii,1,9,4.7,spherical,MIC,64,Bacteria,Pseudomonadota,Gammaproteobacteria,Enterobacterales,Enterobacteriaceae,Escherichia,Escherichia coli,n,48,84,120,37,2,urine
642,Escherichia coli,green_synthesis using extract of Acinetobacter baumannii,1,9,4.7,spherical,MBC,128,Bacteria,Pseudomonadota,Gammaproteobacteria,Enterobacterales,Enterobacteriaceae,Escherichia,Escherichia coli,n,48,84,120,37,2,urine
643,Klebsiella sp.,green_synthesis using extract of Acinetobacter baumannii,1,9,4.7,spherical,MIC,64,Bacteria,Pseudomonadota,Gammaproteobacteria,Enterobacterales,Enterobacteriaceae,Klebsiella,Klebsiella sp.,n,24,48,72,37,2,respiratory tract
644,Klebsiella sp.,green_synthesis using extract of Acinetobacter baumannii,1,9,4.7,spherical,MIC,64,Bacteria,Pseudomonadota,Gammaproteobacteria,Enterobacterales,Enterobacteriaceae,Klebsiella,Klebsiella sp.,n,24,48,72,37,2,respiratory tract
645,Klebsiella sp.,green_synthesis using extract of Acinetobacter baumannii,1,9,4.7,spherical,MIC,64,Bacteria,Pseudomonadota,Gammaproteobacteria,Enterobacterales,Enterobacteriaceae,Klebsiella,Klebsiella sp.,n,24,48,72,37,2,respiratory tract
646,Klebsiella sp.,green_synthesis using extract of Acinetobacter baumannii,1,9,4.7,spherical,MIC,64,Bacteria,Pseudomonadota,Gammaproteobacteria,Enterobacterales,Enterobacteriaceae,Klebsiella,Klebsiella sp.,n,24,48,72,37,2,respiratory tract
647,Klebsiella sp.,green_synthesis using extract of Acinetobacter baumannii,1,9,4.7,spherical,MIC,64,Bacteria,Pseudomonadota,Gammaproteobacteria,Enterobacterales,Enterobacteriaceae,Klebsiella,Klebsiella sp.,n,24,48,72,37,2,respiratory tract
652,Klebsiella sp.,green_synthesis using extract of Acinetobacter baumannii,1,9,4.7,spherical,MBC,128,Bacteria,Pseudomonadota,Gammaproteobacteria,Enterobacterales,Enterobacteriaceae,Klebsiella,Klebsiella sp.,n,24,48,72,37,2,respiratory tract
653,Pseudomonas aeruginosa,green_synthesis using extract of Acinetobacter baumannii,1,9,4.7,spherical,MIC,64,Bacteria,Pseudomonadota,Gammaproteobacteria,Pseudomonadales,Pseudomonadaceae,Pseudomonas,Pseudomonas aeruginosa group,n,24,48,72,37,2,soil
654,Pseudomonas aeruginosa,green_synthesis using extract of Acinetobacter baumannii,1,9,4.7,spherical,MIC,64,Bacteria,Pseudomonadota,Gammaproteobacteria,Pseudomonadales,Pseudomonadaceae,Pseudomonas,Pseudomonas aeruginosa group,n,24,48,72,37,2,soil
655,Pseudomonas aeruginosa,green_synthesis using extract of Acinetobacter baumannii,1,9,4.7,spherical,MIC,64,Bacteria,Pseudomonadota,Gammaproteobacteria,Pseudomonadales,Pseudomonadaceae,Pseudomonas,Pseudomonas aeruginosa group,n,24,48,72,37,2,soil
656,Pseudomonas aeruginosa,green_synthesis using extract of Acinetobacter baumannii,1,9,4.7,spherical,MIC,64,Bacteria,Pseudomonadota,Gammaproteobacteria,Pseudomonadales,Pseudomonadaceae,Pseudomonas,Pseudomonas aeruginosa group,n,24,48,72,37,2,soil
657,Pseudomonas aeruginosa,green_synthesis using extract of Acinetobacter baumannii,1,9,4.7,spherical,MIC,64,Bacteria,Pseudomonadota,Gammaproteobacteria,Pseudomonadales,Pseudomonadaceae,Pseudomonas,Pseudomonas aeruginosa group,n,24,48,72,37,2,soil
662,Pseudomonas aeruginosa,green_synthesis using extract of Acinetobacter baumannii,1,9,4.7,spherical,MBC,128,Bacteria,Pseudomonadota,Gammaproteobacteria,Pseudomonadales,Pseudomonadaceae,Pseudomonas,Pseudomonas aeruginosa group,n,24,48,72,37,2,soil
663,Acinetobacter baumannii,green_synthesis using extract of Acinetobacter baumannii,1,9,4.7,spherical,MIC,8,Bacteria,Pseudomonadota,Gammaproteobacteria,Moraxellales,Moraxellaceae,Acinetobacter,Acinetobacter calcoaceticus/baumannii complex,n,24,36,48,37,2,urine
664,Acinetobacter baumannii,green_synthesis using extract of Acinetobacter baumannii,1,9,4.7,spherical,MIC,8,Bacteria,Pseudomonadota,Gammaproteobacteria,Moraxellales,Moraxellaceae,Acinetobacter,Acinetobacter calcoaceticus/baumannii complex,n,24,36,48,37,2,urine
665,Acinetobacter baumannii,green_synthesis using extract of Acinetobacter baumannii,1,9,4.7,spherical,MIC,8,Bacteria,Pseudomonadota,Gammaproteobacteria,Moraxellales,Moraxellaceae,Acinetobacter,Acinetobacter calcoaceticus/baumannii complex,n,24,36,48,37,2,urine
666,Acinetobacter baumannii,green_synthesis using extract of Acinetobacter baumannii,1,9,4.7,spherical,MIC,8,Bacteria,Pseudomonadota,Gammaproteobacteria,Moraxellales,Moraxellaceae,Acinetobacter,Acinetobacter calcoaceticus/baumannii complex,n,24,36,48,37,2,urine
667,Acinetobacter baumannii,green_synthesis using extract of Acinetobacter baumannii,1,9,4.7,spherical,MIC,8,Bacteria,Pseudomonadota,Gammaproteobacteria,Moraxellales,Moraxellaceae,Acinetobacter,Acinetobacter calcoaceticus/baumannii complex,n,24,36,48,37,2,urine
672,Acinetobacter baumannii,green_synthesis using extract of Acinetobacter baumannii,1,9,4.7,spherical,MBC,16,Bacteria,Pseudomonadota,Gammaproteobacteria,Moraxellales,Moraxellaceae,Acinetobacter,Acinetobacter calcoaceticus/baumannii complex,n,24,36,48,37,2,urine
673,Proteus sp.,green_synthesis using extract of Acinetobacter baumannii,1,9,4.7,spherical,MIC,32,Bacteria,Pseudomonadota,Gammaproteobacteria,Enterobacterales,Morganellaceae,Proteus,Proteus sp.,n,24,48,72,37,2,soil
674,Proteus sp.,green_synthesis using extract of Acinetobacter baumannii,1,9,4.7,spherical,MIC,32,Bacteria,Pseudomonadota,Gammaproteobacteria,Enterobacterales,Morganellaceae,Proteus,Proteus sp.,n,24,48,72,37,2,soil
675,Proteus sp.,green_synthesis using extract of Acinetobacter baumannii,1,9,4.7,spherical,MIC,32,Bacteria,Pseudomonadota,Gammaproteobacteria,Enterobacterales,Morganellaceae,Proteus,Proteus sp.,n,24,48,72,37,2,soil
676,Proteus sp.,green_synthesis using extract of Acinetobacter baumannii,1,9,4.7,spherical,MIC,32,Bacteria,Pseudomonadota,Gammaproteobacteria,Enterobacterales,Morganellaceae,Proteus,Proteus sp.,n,24,48,72,37,2,soil
677,Proteus sp.,green_synthesis using extract of Acinetobacter baumannii,1,9,4.7,spherical,MIC,32,Bacteria,Pseudomonadota,Gammaproteobacteria,Enterobacterales,Morganellaceae,Proteus,Proteus sp.,n,24,48,72,37,2,soil
682,Proteus sp.,green_synthesis using extract of Acinetobacter baumannii,1,9,4.7,spherical,MBC,64,Bacteria,Pseudomonadota,Gammaproteobacteria,Enterobacterales,Morganellaceae,Proteus,Proteus sp.,n,24,48,72,37,2,soil
683,Staphylococcus aureus,green_synthesis using C. zylinicum aqueous extracts,10,78.9,44.45,spherical,MIC,4.5,Bacteria,Bacillota,Bacilli,Bacillales,Staphylococcaceae,Staphylococcus,Staphylococcus aureus,p,24,36,48,37,2,skin
684,Acinetobacter baumannii,green_synthesis using C. zylinicum aqueous extracts,10,78.9,44.45,spherical,MIC,5.7,Bacteria,Pseudomonadota,Gammaproteobacteria,Moraxellales,Moraxellaceae,Acinetobacter,Acinetobacter calcoaceticus/baumannii complex,n,24,36,48,37,2,urine
685,Pseudomonas aeruginosa,green_synthesis using C. zylinicum aqueous extracts,10,78.9,44.45,spherical,MIC,3.1,Bacteria,Pseudomonadota,Gammaproteobacteria,Pseudomonadales,Pseudomonadaceae,Pseudomonas,Pseudomonas aeruginosa group,n,24,48,72,37,2,soil
686,Klebsiella pneumoniae,green_synthesis using C. zylinicum aqueous extracts,10,78.9,44.45,spherical,MIC,2.8,Bacteria,Pseudomonadota,Gammaproteobacteria,Enterobacterales,Enterobacteriaceae,Klebsiella,Klebsiella pneumoniae,n,24,48,72,30,2,respiratory tract
700,Escherichia coli,"chem_synthesis (purchased from Vector Vita Ltd, Novosibirsk, Russia",20,50,35,spherical,MIC,10,Bacteria,Pseudomonadota,Gammaproteobacteria,Enterobacterales,Enterobacteriaceae,Escherichia,Escherichia coli,n,48,84,120,37,2,urine
701,Salmonella typhimurium,"chem_synthesis (purchased from Vector Vita Ltd, Novosibirsk, Russia",20,50,35,spherical,MIC,10,Bacteria,Pseudomonadota,Gammaproteobacteria,Enterobacterales,Enterobacteriaceae,Salmonella,Salmonella enterica,n,6,39,72,37,2,meat
702,Staphylococcus aureus,"chem_synthesis (purchased from Vector Vita Ltd, Novosibirsk, Russia",20,50,35,spherical,MIC,12,Bacteria,Bacillota,Bacilli,Bacillales,Staphylococcaceae,Staphylococcus,Staphylococcus aureus,p,24,36,48,37,2,skin
703,Bacillus subtilis,"chem_synthesis (purchased from Vector Vita Ltd, Novosibirsk, Russia",20,50,35,spherical,MIC,11,Bacteria,Bacillota,Bacilli,Bacillales,Bacillaceae,Bacillus,Bacillus subtilis group,p,0.16,7.08,14,30,1,soil
704,Escherichia coli,"chem_synthesis (purchased from Vector Vita Ltd, Novosibirsk, Russia",20,50,35,spherical,MIC,10,Bacteria,Pseudomonadota,Gammaproteobacteria,Enterobacterales,Enterobacteriaceae,Escherichia,Escherichia coli,n,48,84,120,37,2,urine
705,Salmonella typhimurium,"chem_synthesis (purchased from Vector Vita Ltd, Novosibirsk, Russia",20,50,35,spherical,MIC,10,Bacteria,Pseudomonadota,Gammaproteobacteria,Enterobacterales,Enterobacteriaceae,Salmonella,Salmonella enterica,n,6,39,72,37,2,meat
706,Staphylococcus aureus,"chem_synthesis (purchased from Vector Vita Ltd, Novosibirsk, Russia",20,50,35,spherical,MIC,12,Bacteria,Bacillota,Bacilli,Bacillales,Staphylococcaceae,Staphylococcus,Staphylococcus aureus,p,24,36,48,37,2,skin
707,Bacillus subtilis,"chem_synthesis (purchased from Vector Vita Ltd, Novosibirsk, Russia",20,50,35,spherical,MIC,11,Bacteria,Bacillota,Bacilli,Bacillales,Bacillaceae,Bacillus,Bacillus subtilis group,p,0.16,7.08,14,30,1,soil
708,Escherichia coli,"chem_synthesis (purchased from Vector Vita Ltd, Novosibirsk, Russia",20,50,35,spherical,MIC,10,Bacteria,Pseudomonadota,Gammaproteobacteria,Enterobacterales,Enterobacteriaceae,Escherichia,Escherichia coli,n,48,84,120,37,2,urine
709,Salmonella typhimurium,"chem_synthesis (purchased from Vector Vita Ltd, Novosibirsk, Russia",20,50,35,spherical,MIC,10,Bacteria,Pseudomonadota,Gammaproteobacteria,Enterobacterales,Enterobacteriaceae,Salmonella,Salmonella enterica,n,6,39,72,37,2,meat
710,Staphylococcus aureus,"chem_synthesis (purchased from Vector Vita Ltd, Novosibirsk, Russia",20,50,35,spherical,MIC,12,Bacteria,Bacillota,Bacilli,Bacillales,Staphylococcaceae,Staphylococcus,Staphylococcus aureus,p,24,36,48,37,2,skin
711,Bacillus subtilis,"chem_synthesis (purchased from Vector Vita Ltd, Novosibirsk, Russia",20,50,35,spherical,MIC,11,Bacteria,Bacillota,Bacilli,Bacillales,Bacillaceae,Bacillus,Bacillus subtilis group,p,0.16,7.08,14,30,1,soil
712,Escherichia coli,"chem_synthesis (purchased from Vector Vita Ltd, Novosibirsk, Russia",20,50,35,spherical,MIC,10,Bacteria,Pseudomonadota,Gammaproteobacteria,Enterobacterales,Enterobacteriaceae,Escherichia,Escherichia coli,n,48,84,120,37,2,urine
713,Salmonella typhimurium,"chem_synthesis (purchased from Vector Vita Ltd, Novosibirsk, Russia",20,50,35,spherical,MIC,10,Bacteria,Pseudomonadota,Gammaproteobacteria,Enterobacterales,Enterobacteriaceae,Salmonella,Salmonella enterica,n,6,39,72,37,2,meat
714,Staphylococcus aureus,"chem_synthesis (purchased from Vector Vita Ltd, Novosibirsk, Russia",20,50,35,spherical,MIC,12,Bacteria,Bacillota,Bacilli,Bacillales,Staphylococcaceae,Staphylococcus,Staphylococcus aureus,p,24,36,48,37,2,skin
715,Bacillus subtilis,"chem_synthesis (purchased from Vector Vita Ltd, Novosibirsk, Russia",20,50,35,spherical,MIC,11,Bacteria,Bacillota,Bacilli,Bacillales,Bacillaceae,Bacillus,Bacillus subtilis group,p,0.16,7.08,14,30,1,soil
716,Escherichia coli,"chem_synthesis (purchased from Vector Vita Ltd, Novosibirsk, Russia",20,50,35,spherical,MIC,10,Bacteria,Pseudomonadota,Gammaproteobacteria,Enterobacterales,Enterobacteriaceae,Escherichia,Escherichia coli,n,48,84,120,37,2,urine
717,Salmonella typhimurium,"chem_synthesis (purchased from Vector Vita Ltd, Novosibirsk, Russia",20,50,35,spherical,MIC,10,Bacteria,Pseudomonadota,Gammaproteobacteria,Enterobacterales,Enterobacteriaceae,Salmonella,Salmonella enterica,n,6,39,72,37,2,meat
718,Staphylococcus aureus,"chem_synthesis (purchased from Vector Vita Ltd, Novosibirsk, Russia",20,50,35,spherical,MIC,12,Bacteria,Bacillota,Bacilli,Bacillales,Staphylococcaceae,Staphylococcus,Staphylococcus aureus,p,24,36,48,37,2,skin
719,Bacillus subtilis,"chem_synthesis (purchased from Vector Vita Ltd, Novosibirsk, Russia",20,50,35,spherical,MIC,11,Bacteria,Bacillota,Bacilli,Bacillales,Bacillaceae,Bacillus,Bacillus subtilis group,p,0.16,7.08,14,30,1,soil
720,Escherichia coli,green_synthesis using Withania coagulans fruits extract,10,40,20,spherical,MIC,16,Bacteria,Pseudomonadota,Gammaproteobacteria,Enterobacterales,Enterobacteriaceae,Escherichia,Escherichia coli,n,48,84,120,37,2,urine
721,Vibrio cholerae,green_synthesis using Withania coagulans fruits extract,10,40,20,spherical,MIC,16,Bacteria,Pseudomonadota,Gammaproteobacteria,Vibrionales,Vibrionaceae,Vibrio,Vibrio cholerae,n,48,60,72,30,2,water
722,Enterococcus faecalis,green_synthesis using Withania coagulans fruits extract,10,40,20,spherical,MIC,32,Bacteria,Bacillota,Bacilli,Lactobacillales,Enterococcaceae,Enterococcus,Enterococcus faecalis,p,24,36,48,37,2,urine
723,Staphylococcus aureus,green_synthesis using Withania coagulans fruits extract,10,40,20,spherical,MIC,4,Bacteria,Bacillota,Bacilli,Bacillales,Staphylococcaceae,Staphylococcus,Staphylococcus aureus,p,24,36,48,37,2,skin
724,Salmonella typhi,green_synthesis using Withania coagulans fruits extract,10,40,20,spherical,MIC,32,Bacteria,Pseudomonadota,Gammaproteobacteria,Enterobacterales,Enterobacteriaceae,Salmonella,Salmonella enterica,n,168,252,336,37,2,blood
725,Proteus vulgaris,green_synthesis using Withania coagulans fruits extract,10,40,20,spherical,MIC,16,Bacteria,Pseudomonadota,Gammaproteobacteria,Enterobacterales,Morganellaceae,Proteus,Proteus vulgaris,n,24,48,72,30,2,soil
740,Escherichia coli,green_synthesis  using fungus Trichoderma,5,40,13,spherical,MIC,30,Bacteria,Pseudomonadota,Gammaproteobacteria,Enterobacterales,Enterobacteriaceae,Escherichia,Escherichia coli,n,48,84,120,37,2,urine
741,Salmonella typhi,green_synthesis  using fungus Trichoderma,5,40,13,spherical,MIC,35,Bacteria,Pseudomonadota,Gammaproteobacteria,Enterobacterales,Enterobacteriaceae,Salmonella,Salmonella enterica,n,168,252,336,37,2,blood
742,Staphylococcus aureus,green_synthesis  using fungus Trichoderma,5,40,13,spherical,MIC,80,Bacteria,Bacillota,Bacilli,Bacillales,Staphylococcaceae,Staphylococcus,Staphylococcus aureus,p,24,36,48,37,2,skin
743,Micrococcus luteus,green_synthesis  using fungus Trichoderma,5,40,13,spherical,MIC,65,Bacteria,Actinomycetota,Actinomycetes,Micrococcales,Micrococcaceae,Micrococcus,Micrococcus luteus,p,240,288,336,30,1,soil
760,Staphylococcus aureus,"chemical_synthesis (sigma aldrich, 730785)",10,10,10,triangular,MIC,0.09,Bacteria,Bacillota,Bacilli,Bacillales,Staphylococcaceae,Staphylococcus,Staphylococcus aureus,p,24,36,48,37,2,skin
761,Staphylococcus aureus,"chemical_synthesis (sigma aldrich, 730807)",40,40,40,triangular,MIC,0.02,Bacteria,Bacillota,Bacilli,Bacillales,Staphylococcaceae,Staphylococcus,Staphylococcus aureus,p,24,36,48,37,2,skin
762,Staphylococcus aureus,"chemical_synthesis (sigma aldrich, 730785)",10,10,10,triangular,MIC,0.47,Bacteria,Bacillota,Bacilli,Bacillales,Staphylococcaceae,Staphylococcus,Staphylococcus aureus,p,24,36,48,37,2,skin
765,Staphylococcus aureus,"chemical_synthesis (sigma aldrich, 730785)",10,10,10,triangular,MBC,0.31,Bacteria,Bacillota,Bacilli,Bacillales,Staphylococcaceae,Staphylococcus,Staphylococcus aureus,p,24,36,48,37,2,skin
766,Staphylococcus aureus,"chemical_synthesis (sigma aldrich, 730807)",40,40,40,triangular,MBC,1.04,Bacteria,Bacillota,Bacilli,Bacillales,Staphylococcaceae,Staphylococcus,Staphylococcus aureus,p,24,36,48,37,2,skin
767,Staphylococcus aureus,"chemical_synthesis (sigma aldrich, 730785)",10,10,10,triangular,MBC,2.5,Bacteria,Bacillota,Bacilli,Bacillales,Staphylococcaceae,Staphylococcus,Staphylococcus aureus,p,24,36,48,37,2,skin
774,Pseudomonas aeruginosa,green_synthesis using aqueous Cassiarox burghii leaf extract,10,30,20,spherical,MIC,6.3,Bacteria,Pseudomonadota,Gammaproteobacteria,Pseudomonadales,Pseudomonadaceae,Pseudomonas,Pseudomonas aeruginosa group,n,24,48,72,37,2,soil
775,Streptococcus pneumoniae,green_synthesis using aqueous Cassiarox burghii leaf extract,10,30,20,spherical,MIC,8.1,Bacteria,Bacillota,Bacilli,Lactobacillales,Streptococcaceae,Streptococcus,Streptococcus pneumoniae,p,24,48,72,33,2,blood
776,Escherichia coli,green_synthesis using aqueous Cassiarox burghii leaf extract,10,30,20,spherical,MIC,4,Bacteria,Pseudomonadota,Gammaproteobacteria,Enterobacterales,Enterobacteriaceae,Escherichia,Escherichia coli,n,48,84,120,37,2,urine
777,Micrococcus luteus,green_synthesis using aqueous Cassiarox burghii leaf extract,10,30,20,spherical,MIC,6.3,Bacteria,Actinomycetota,Actinomycetes,Micrococcales,Micrococcaceae,Micrococcus,Micrococcus luteus,p,240,288,336,30,1,soil
778,Staphylococcus aureus,green_synthesis using aqueous Cassiarox burghii leaf extract,10,30,20,spherical,MIC,4,Bacteria,Bacillota,Bacilli,Bacillales,Staphylococcaceae,Staphylococcus,Staphylococcus aureus,p,24,36,48,37,2,skin
779,Bacillus subtilis,green_synthesis using aqueous Cassiarox burghii leaf extract,10,30,20,spherical,MIC,8.1,Bacteria,Bacillota,Bacilli,Bacillales,Bacillaceae,Bacillus,Bacillus subtilis group,p,0.16,7.08,14,30,1,soil
780,Pseudomonas aeruginosa,green_synthesis using aqueous Cassiarox burghii leaf extract,10,30,20,spherical,MBC,8.1,Bacteria,Pseudomonadota,Gammaproteobacteria,Pseudomonadales,Pseudomonadaceae,Pseudomonas,Pseudomonas aeruginosa group,n,24,48,72,37,2,soil
781,Streptococcus pneumoniae,green_synthesis using aqueous Cassiarox burghii leaf extract,10,30,20,spherical,MBC,9.8,Bacteria,Bacillota,Bacilli,Lactobacillales,Streptococcaceae,Streptococcus,Streptococcus pneumoniae,p,24,48,72,33,2,blood
782,Escherichia coli,green_synthesis using aqueous Cassiarox burghii leaf extract,10,30,20,spherical,MBC,6.3,Bacteria,Pseudomonadota,Gammaproteobacteria,Enterobacterales,Enterobacteriaceae,Escherichia,Escherichia coli,n,48,84,120,37,2,urine
783,Micrococcus luteus,green_synthesis using aqueous Cassiarox burghii leaf extract,10,30,20,spherical,MBC,7.8,Bacteria,Actinomycetota,Actinomycetes,Micrococcales,Micrococcaceae,Micrococcus,Micrococcus luteus,p,240,288,336,30,1,soil
784,Staphylococcus aureus,green_synthesis using aqueous Cassiarox burghii leaf extract,10,30,20,spherical,MBC,6.3,Bacteria,Bacillota,Bacilli,Bacillales,Staphylococcaceae,Staphylococcus,Staphylococcus aureus,p,24,36,48,37,2,skin
785,Bacillus subtilis,green_synthesis using aqueous Cassiarox burghii leaf extract,10,30,20,spherical,MBC,9.8,Bacteria,Bacillota,Bacilli,Bacillales,Bacillaceae,Bacillus,Bacillus subtilis group,p,0.16,7.08,14,30,1,soil
790,Escherichia coli,chemical_synthesis using sodium borohydride and silver ions,2.26,10.34,3,spherical,MIC,40,Bacteria,Pseudomonadota,Gammaproteobacteria,Enterobacterales,Enterobacteriaceae,Escherichia,Escherichia coli,n,48,84,120,37,2,urine
791,Escherichia coli,chemical_synthesis using sodium borohydride and silver ions,2.26,10.34,3,spherical,MIC,180,Bacteria,Pseudomonadota,Gammaproteobacteria,Enterobacterales,Enterobacteriaceae,Escherichia,Escherichia coli,n,48,84,120,37,2,urine
792,Escherichia coli,chemical_synthesis using sodium borohydride and silver ions,2.26,10.34,3,spherical,MIC,120,Bacteria,Pseudomonadota,Gammaproteobacteria,Enterobacterales,Enterobacteriaceae,Escherichia,Escherichia coli,n,48,84,120,37,2,urine
793,Escherichia coli,chemical_synthesis using sodium borohydride and silver ions,2.26,10.34,3,spherical,MIC,140,Bacteria,Pseudomonadota,Gammaproteobacteria,Enterobacterales,Enterobacteriaceae,Escherichia,Escherichia coli,n,48,84,120,37,2,urine
794,Bacillus subtilis,chemical_synthesis using sodium borohydride and silver ions,2.26,10.34,3,spherical,MIC,40,Bacteria,Bacillota,Bacilli,Bacillales,Bacillaceae,Bacillus,Bacillus subtilis group,p,0.16,7.08,14,30,1,soil
795,Staphylococcus aureus,chemical_synthesis using sodium borohydride and silver ions,2.26,10.34,3,spherical,MIC,120,Bacteria,Bacillota,Bacilli,Bacillales,Staphylococcaceae,Staphylococcus,Staphylococcus aureus,p,24,36,48,37,2,skin
796,Staphylococcus aureus,chemical_synthesis using sodium borohydride and silver ions,2.26,10.34,3,spherical,MIC,120,Bacteria,Bacillota,Bacilli,Bacillales,Staphylococcaceae,Staphylococcus,Staphylococcus aureus,p,24,36,48,37,2,skin
797,Staphylococcus aureus,chemical_synthesis using sodium borohydride and silver ions,2.26,10.34,3,spherical,MIC,120,Bacteria,Bacillota,Bacilli,Bacillales,Staphylococcaceae,Staphylococcus,Staphylococcus aureus,p,24,36,48,37,2,skin
798,Escherichia coli,chemical_synthesis using sodium borohydride and silver ions,2.26,10.34,3,spherical,MBC,60,Bacteria,Pseudomonadota,Gammaproteobacteria,Enterobacterales,Enterobacteriaceae,Escherichia,Escherichia coli,n,48,84,120,37,2,urine
799,Escherichia coli,chemical_synthesis using sodium borohydride and silver ions,2.26,10.34,3,spherical,MBC,220,Bacteria,Pseudomonadota,Gammaproteobacteria,Enterobacterales,Enterobacteriaceae,Escherichia,Escherichia coli,n,48,84,120,37,2,urine
800,Escherichia coli,chemical_synthesis using sodium borohydride and silver ions,2.26,10.34,3,spherical,MBC,160,Bacteria,Pseudomonadota,Gammaproteobacteria,Enterobacterales,Enterobacteriaceae,Escherichia,Escherichia coli,n,48,84,120,37,2,urine
801,Escherichia coli,chemical_synthesis using sodium borohydride and silver ions,2.26,10.34,3,spherical,MBC,180,Bacteria,Pseudomonadota,Gammaproteobacteria,Enterobacterales,Enterobacteriaceae,Escherichia,Escherichia coli,n,48,84,120,37,2,urine
802,Bacillus subtilis,chemical_synthesis using sodium borohydride and silver ions,2.26,10.34,3,spherical,MBC,60,Bacteria,Bacillota,Bacilli,Bacillales,Bacillaceae,Bacillus,Bacillus subtilis group,p,0.16,7.08,14,30,1,soil
803,Staphylococcus aureus,chemical_synthesis using sodium borohydride and silver ions,2.26,10.34,3,spherical,MBC,160,Bacteria,Bacillota,Bacilli,Bacillales,Staphylococcaceae,Staphylococcus,Staphylococcus aureus,p,24,36,48,37,2,skin
804,Staphylococcus aureus,chemical_synthesis using sodium borohydride and silver ions,2.26,10.34,3,spherical,MBC,160,Bacteria,Bacillota,Bacilli,Bacillales,Staphylococcaceae,Staphylococcus,Staphylococcus aureus,p,24,36,48,37,2,skin
805,Staphylococcus aureus,chemical_synthesis using sodium borohydride and silver ions,2.26,10.34,3,spherical,MBC,160,Bacteria,Bacillota,Bacilli,Bacillales,Staphylococcaceae,Staphylococcus,Staphylococcus aureus,p,24,36,48,37,2,skin
814,Streptococcus pneumoniae,chemical_synthesis (East Nano Chemicals Co.),10,50,30,spherical,MIC,4000,Bacteria,Bacillota,Bacilli,Lactobacillales,Streptococcaceae,Streptococcus,Streptococcus pneumoniae,p,24,48,72,33,2,blood
815,Streptococcus pneumoniae,chemical_synthesis (East Nano Chemicals Co.),10,50,30,spherical,MIC,4000,Bacteria,Bacillota,Bacilli,Lactobacillales,Streptococcaceae,Streptococcus,Streptococcus pneumoniae,p,24,48,72,33,2,blood
816,Streptococcus pneumoniae,chemical_synthesis (East Nano Chemicals Co.),10,50,30,spherical,MIC,4000,Bacteria,Bacillota,Bacilli,Lactobacillales,Streptococcaceae,Streptococcus,Streptococcus pneumoniae,p,24,48,72,33,2,blood
883,Staphylococcus epidermidis,chem_synthesis_purchased_from_Sigma_Alddrich,10,10,10,spherical,MIC,3,Bacteria,Bacillota,Bacilli,Bacillales,Staphylococcaceae,Staphylococcus,Staphylococcus epidermidis,p,16,18,20,37,1,skin
884,Staphylococcus epidermidis,chem_synthesis_purchased_from_Sigma_Alddrich,10,10,10,spherical,MIC,4,Bacteria,Bacillota,Bacilli,Bacillales,Staphylococcaceae,Staphylococcus,Staphylococcus epidermidis,p,16,18,20,37,1,skin
885,Staphylococcus epidermidis,chem_synthesis_purchased_from_Sigma_Alddrich,10,10,10,spherical,MIC,5,Bacteria,Bacillota,Bacilli,Bacillales,Staphylococcaceae,Staphylococcus,Staphylococcus epidermidis,p,16,18,20,37,1,skin
886,Staphylococcus epidermidis,chem_synthesis_purchased_from_Sigma_Alddrich,10,10,20,spherical,MIC,4,Bacteria,Bacillota,Bacilli,Bacillales,Staphylococcaceae,Staphylococcus,Staphylococcus epidermidis,p,16,18,20,37,1,skin
887,Staphylococcus epidermidis,chem_synthesis_purchased_from_Sigma_Alddrich,10,10,20,spherical,MIC,1,Bacteria,Bacillota,Bacilli,Bacillales,Staphylococcaceae,Staphylococcus,Staphylococcus epidermidis,p,16,18,20,37,1,skin
888,Staphylococcus epidermidis,chem_synthesis_purchased_from_Sigma_Alddrich,10,10,40,spherical,MIC,6,Bacteria,Bacillota,Bacilli,Bacillales,Staphylococcaceae,Staphylococcus,Staphylococcus epidermidis,p,16,18,20,37,1,skin
889,Staphylococcus epidermidis,chem_synthesis_purchased_from_Sigma_Alddrich,10,10,40,spherical,MIC,4,Bacteria,Bacillota,Bacilli,Bacillales,Staphylococcaceae,Staphylococcus,Staphylococcus epidermidis,p,16,18,20,37,1,skin
890,Staphylococcus epidermidis,chem_synthesis_purchased_from_Sigma_Alddrich,10,10,40,spherical,MIC,1,Bacteria,Bacillota,Bacilli,Bacillales,Staphylococcaceae,Staphylococcus,Staphylococcus epidermidis,p,16,18,20,37,1,skin
891,Staphylococcus epidermidis,chem_synthesis_purchased_from_Sigma_Alddrich,10,10,60,spherical,MIC,4,Bacteria,Bacillota,Bacilli,Bacillales,Staphylococcaceae,Staphylococcus,Staphylococcus epidermidis,p,16,18,20,37,1,skin
892,Staphylococcus epidermidis,chem_synthesis_purchased_from_Sigma_Alddrich,10,10,60,spherical,MIC,1,Bacteria,Bacillota,Bacilli,Bacillales,Staphylococcaceae,Staphylococcus,Staphylococcus epidermidis,p,16,18,20,37,1,skin
893,Staphylococcus epidermidis,chem_synthesis_purchased_from_Sigma_Alddrich,10,10,100,spherical,MIC,3,Bacteria,Bacillota,Bacilli,Bacillales,Staphylococcaceae,Staphylococcus,Staphylococcus epidermidis,p,16,18,20,37,1,skin
894,Staphylococcus epidermidis,chem_synthesis_purchased_from_Sigma_Alddrich,10,10,100,spherical,MIC,1,Bacteria,Bacillota,Bacilli,Bacillales,Staphylococcaceae,Staphylococcus,Staphylococcus epidermidis,p,16,18,20,37,1,skin
895,Escherichia coli,"purchased from US Research Nanomaterials, Inc. ",15,25,20,spherical,MIC,64,Bacteria,Pseudomonadota,Gammaproteobacteria,Enterobacterales,Enterobacteriaceae,Escherichia,Escherichia coli,n,48,84,120,37,2,urine
896,Klebsiella pneumoniae,"purchased from US Research Nanomaterials, Inc. ",15,25,20,spherical,MIC,128,Bacteria,Pseudomonadota,Gammaproteobacteria,Enterobacterales,Enterobacteriaceae,Klebsiella,Klebsiella pneumoniae,n,24,48,72,30,2,respiratory tract
897,Pseudomonas aeruginosa,"purchased from US Research Nanomaterials, Inc. ",15,25,20,spherical,MIC,16,Bacteria,Pseudomonadota,Gammaproteobacteria,Pseudomonadales,Pseudomonadaceae,Pseudomonas,Pseudomonas aeruginosa group,n,24,48,72,37,2,soil
898,Acinetobacter baumannii,"purchased from US Research Nanomaterials, Inc. ",15,25,20,spherical,MIC,32,Bacteria,Pseudomonadota,Gammaproteobacteria,Moraxellales,Moraxellaceae,Acinetobacter,Acinetobacter calcoaceticus/baumannii complex,n,24,36,48,37,2,urine
899,Staphylococcus aureus,"purchased from US Research Nanomaterials, Inc. ",15,25,20,spherical,MIC,256,Bacteria,Bacillota,Bacilli,Bacillales,Staphylococcaceae,Staphylococcus,Staphylococcus aureus,p,24,36,48,37,2,skin
900,Staphylococcus saprophyticus,"purchased from US Research Nanomaterials, Inc. ",15,25,20,spherical,MIC,256,Bacteria,Bacillota,Bacilli,Bacillales,Staphylococcaceae,Staphylococcus,Staphylococcus saprophyticus,p,18,21,24,30,2,urine
901,Staphylococcus sciuri,"purchased from US Research Nanomaterials, Inc. ",15,25,20,spherical,MIC,256,Bacteria,Bacillota,Bacilli,Bacillales,Staphylococcaceae,Mammaliicoccus,Staphylococcus sciuri,p,18,33,48,37,1,skin
902,Staphylococcus epidermidis,"purchased from US Research Nanomaterials, Inc. ",15,25,20,spherical,MIC,256,Bacteria,Bacillota,Bacilli,Bacillales,Staphylococcaceae,Staphylococcus,Staphylococcus epidermidis,p,16,18,20,37,1,skin
903,Escherichia coli,"purchased from US Research Nanomaterials, Inc. ",15,25,20,spherical,MIC,64,Bacteria,Pseudomonadota,Gammaproteobacteria,Enterobacterales,Enterobacteriaceae,Escherichia,Escherichia coli,n,48,84,120,37,2,urine
904,Klebsiella pneumoniae,"purchased from US Research Nanomaterials, Inc. ",15,25,20,spherical,MIC,128,Bacteria,Pseudomonadota,Gammaproteobacteria,Enterobacterales,Enterobacteriaceae,Klebsiella,Klebsiella pneumoniae,n,24,48,72,30,2,respiratory tract
905,Pseudomonas aeruginosa,"purchased from US Research Nanomaterials, Inc. ",15,25,20,spherical,MIC,16,Bacteria,Pseudomonadota,Gammaproteobacteria,Pseudomonadales,Pseudomonadaceae,Pseudomonas,Pseudomonas aeruginosa group,n,24,48,72,37,2,soil
906,Acinetobacter baumannii,"purchased from US Research Nanomaterials, Inc. ",15,25,20,spherical,MIC,32,Bacteria,Pseudomonadota,Gammaproteobacteria,Moraxellales,Moraxellaceae,Acinetobacter,Acinetobacter calcoaceticus/baumannii complex,n,24,36,48,37,2,urine
907,Staphylococcus aureus,"purchased from US Research Nanomaterials, Inc. ",15,25,20,spherical,MIC,256,Bacteria,Bacillota,Bacilli,Bacillales,Staphylococcaceae,Staphylococcus,Staphylococcus aureus,p,24,36,48,37,2,skin
908,Staphylococcus saprophyticus,"purchased from US Research Nanomaterials, Inc. ",15,25,20,spherical,MIC,256,Bacteria,Bacillota,Bacilli,Bacillales,Staphylococcaceae,Staphylococcus,Staphylococcus saprophyticus,p,18,21,24,30,2,urine
909,Staphylococcus sciuri,"purchased from US Research Nanomaterials, Inc. ",15,25,20,spherical,MIC,256,Bacteria,Bacillota,Bacilli,Bacillales,Staphylococcaceae,Mammaliicoccus,Staphylococcus sciuri,p,18,33,48,37,1,skin
910,Staphylococcus epidermidis,"purchased from US Research Nanomaterials, Inc. ",15,25,20,spherical,MIC,256,Bacteria,Bacillota,Bacilli,Bacillales,Staphylococcaceae,Staphylococcus,Staphylococcus epidermidis,p,16,18,20,37,1,skin
911,Escherichia coli,"purchased from US Research Nanomaterials, Inc. ",15,25,20,spherical,MIC,64,Bacteria,Pseudomonadota,Gammaproteobacteria,Enterobacterales,Enterobacteriaceae,Escherichia,Escherichia coli,n,48,84,120,37,2,urine
912,Klebsiella pneumoniae,"purchased from US Research Nanomaterials, Inc. ",15,25,20,spherical,MIC,128,Bacteria,Pseudomonadota,Gammaproteobacteria,Enterobacterales,Enterobacteriaceae,Klebsiella,Klebsiella pneumoniae,n,24,48,72,30,2,respiratory tract
913,Pseudomonas aeruginosa,"purchased from US Research Nanomaterials, Inc. ",15,25,20,spherical,MIC,16,Bacteria,Pseudomonadota,Gammaproteobacteria,Pseudomonadales,Pseudomonadaceae,Pseudomonas,Pseudomonas aeruginosa group,n,24,48,72,37,2,soil
914,Acinetobacter baumannii,"purchased from US Research Nanomaterials, Inc. ",15,25,20,spherical,MIC,32,Bacteria,Pseudomonadota,Gammaproteobacteria,Moraxellales,Moraxellaceae,Acinetobacter,Acinetobacter calcoaceticus/baumannii complex,n,24,36,48,37,2,urine
915,Staphylococcus aureus,"purchased from US Research Nanomaterials, Inc. ",15,25,20,spherical,MIC,256,Bacteria,Bacillota,Bacilli,Bacillales,Staphylococcaceae,Staphylococcus,Staphylococcus aureus,p,24,36,48,37,2,skin
916,Staphylococcus saprophyticus,"purchased from US Research Nanomaterials, Inc. ",15,25,20,spherical,MIC,256,Bacteria,Bacillota,Bacilli,Bacillales,Staphylococcaceae,Staphylococcus,Staphylococcus saprophyticus,p,18,21,24,30,2,urine
917,Staphylococcus sciuri,"purchased from US Research Nanomaterials, Inc. ",15,25,20,spherical,MIC,256,Bacteria,Bacillota,Bacilli,Bacillales,Staphylococcaceae,Mammaliicoccus,Staphylococcus sciuri,p,18,33,48,37,1,skin
918,Staphylococcus epidermidis,"purchased from US Research Nanomaterials, Inc. ",15,25,20,spherical,MIC,256,Bacteria,Bacillota,Bacilli,Bacillales,Staphylococcaceae,Staphylococcus,Staphylococcus epidermidis,p,16,18,20,37,1,skin
919,Escherichia coli,"purchased from US Research Nanomaterials, Inc. ",15,25,20,spherical,MIC,64,Bacteria,Pseudomonadota,Gammaproteobacteria,Enterobacterales,Enterobacteriaceae,Escherichia,Escherichia coli,n,48,84,120,37,2,urine
920,Klebsiella pneumoniae,"purchased from US Research Nanomaterials, Inc. ",15,25,20,spherical,MIC,128,Bacteria,Pseudomonadota,Gammaproteobacteria,Enterobacterales,Enterobacteriaceae,Klebsiella,Klebsiella pneumoniae,n,24,48,72,30,2,respiratory tract
921,Pseudomonas aeruginosa,"purchased from US Research Nanomaterials, Inc. ",15,25,20,spherical,MIC,16,Bacteria,Pseudomonadota,Gammaproteobacteria,Pseudomonadales,Pseudomonadaceae,Pseudomonas,Pseudomonas aeruginosa group,n,24,48,72,37,2,soil
922,Acinetobacter baumannii,"purchased from US Research Nanomaterials, Inc. ",15,25,20,spherical,MIC,32,Bacteria,Pseudomonadota,Gammaproteobacteria,Moraxellales,Moraxellaceae,Acinetobacter,Acinetobacter calcoaceticus/baumannii complex,n,24,36,48,37,2,urine
923,Staphylococcus aureus,"purchased from US Research Nanomaterials, Inc. ",15,25,20,spherical,MIC,256,Bacteria,Bacillota,Bacilli,Bacillales,Staphylococcaceae,Staphylococcus,Staphylococcus aureus,p,24,36,48,37,2,skin
924,Staphylococcus saprophyticus,"purchased from US Research Nanomaterials, Inc. ",15,25,20,spherical,MIC,256,Bacteria,Bacillota,Bacilli,Bacillales,Staphylococcaceae,Staphylococcus,Staphylococcus saprophyticus,p,18,21,24,30,2,urine
925,Staphylococcus sciuri,"purchased from US Research Nanomaterials, Inc. ",15,25,20,spherical,MIC,256,Bacteria,Bacillota,Bacilli,Bacillales,Staphylococcaceae,Mammaliicoccus,Staphylococcus sciuri,p,18,33,48,37,1,skin
926,Staphylococcus epidermidis,"purchased from US Research Nanomaterials, Inc. ",15,25,20,spherical,MIC,256,Bacteria,Bacillota,Bacilli,Bacillales,Staphylococcaceae,Staphylococcus,Staphylococcus epidermidis,p,16,18,20,37,1,skin
927,Escherichia coli,"purchased from US Research Nanomaterials, Inc. ",15,25,20,spherical,MIC,64,Bacteria,Pseudomonadota,Gammaproteobacteria,Enterobacterales,Enterobacteriaceae,Escherichia,Escherichia coli,n,48,84,120,37,2,urine
928,Klebsiella pneumoniae,"purchased from US Research Nanomaterials, Inc. ",15,25,20,spherical,MIC,128,Bacteria,Pseudomonadota,Gammaproteobacteria,Enterobacterales,Enterobacteriaceae,Klebsiella,Klebsiella pneumoniae,n,24,48,72,30,2,respiratory tract
929,Pseudomonas aeruginosa,"purchased from US Research Nanomaterials, Inc. ",15,25,20,spherical,MIC,16,Bacteria,Pseudomonadota,Gammaproteobacteria,Pseudomonadales,Pseudomonadaceae,Pseudomonas,Pseudomonas aeruginosa group,n,24,48,72,37,2,soil
930,Acinetobacter baumannii,"purchased from US Research Nanomaterials, Inc. ",15,25,20,spherical,MIC,32,Bacteria,Pseudomonadota,Gammaproteobacteria,Moraxellales,Moraxellaceae,Acinetobacter,Acinetobacter calcoaceticus/baumannii complex,n,24,36,48,37,2,urine
931,Staphylococcus aureus,"purchased from US Research Nanomaterials, Inc. ",15,25,20,spherical,MIC,256,Bacteria,Bacillota,Bacilli,Bacillales,Staphylococcaceae,Staphylococcus,Staphylococcus aureus,p,24,36,48,37,2,skin
932,Staphylococcus saprophyticus,"purchased from US Research Nanomaterials, Inc. ",15,25,20,spherical,MIC,256,Bacteria,Bacillota,Bacilli,Bacillales,Staphylococcaceae,Staphylococcus,Staphylococcus saprophyticus,p,18,21,24,30,2,urine
933,Staphylococcus sciuri,"purchased from US Research Nanomaterials, Inc. ",15,25,20,spherical,MIC,256,Bacteria,Bacillota,Bacilli,Bacillales,Staphylococcaceae,Mammaliicoccus,Staphylococcus sciuri,p,18,33,48,37,1,skin
934,Staphylococcus epidermidis,"purchased from US Research Nanomaterials, Inc. ",15,25,20,spherical,MIC,256,Bacteria,Bacillota,Bacilli,Bacillales,Staphylococcaceae,Staphylococcus,Staphylococcus epidermidis,p,16,18,20,37,1,skin
935,Escherichia coli,"purchased from US Research Nanomaterials, Inc. ",15,25,20,spherical,MIC,64,Bacteria,Pseudomonadota,Gammaproteobacteria,Enterobacterales,Enterobacteriaceae,Escherichia,Escherichia coli,n,48,84,120,37,2,urine
936,Klebsiella pneumoniae,"purchased from US Research Nanomaterials, Inc. ",15,25,20,spherical,MIC,128,Bacteria,Pseudomonadota,Gammaproteobacteria,Enterobacterales,Enterobacteriaceae,Klebsiella,Klebsiella pneumoniae,n,24,48,72,30,2,respiratory tract
937,Pseudomonas aeruginosa,"purchased from US Research Nanomaterials, Inc. ",15,25,20,spherical,MIC,16,Bacteria,Pseudomonadota,Gammaproteobacteria,Pseudomonadales,Pseudomonadaceae,Pseudomonas,Pseudomonas aeruginosa group,n,24,48,72,37,2,soil
938,Acinetobacter baumannii,"purchased from US Research Nanomaterials, Inc. ",15,25,20,spherical,MIC,32,Bacteria,Pseudomonadota,Gammaproteobacteria,Moraxellales,Moraxellaceae,Acinetobacter,Acinetobacter calcoaceticus/baumannii complex,n,24,36,48,37,2,urine
939,Staphylococcus aureus,"purchased from US Research Nanomaterials, Inc. ",15,25,20,spherical,MIC,256,Bacteria,Bacillota,Bacilli,Bacillales,Staphylococcaceae,Staphylococcus,Staphylococcus aureus,p,24,36,48,37,2,skin
940,Staphylococcus saprophyticus,"purchased from US Research Nanomaterials, Inc. ",15,25,20,spherical,MIC,256,Bacteria,Bacillota,Bacilli,Bacillales,Staphylococcaceae,Staphylococcus,Staphylococcus saprophyticus,p,18,21,24,30,2,urine
941,Staphylococcus sciuri,"purchased from US Research Nanomaterials, Inc. ",15,25,20,spherical,MIC,256,Bacteria,Bacillota,Bacilli,Bacillales,Staphylococcaceae,Mammaliicoccus,Staphylococcus sciuri,p,18,33,48,37,1,skin
942,Staphylococcus epidermidis,"purchased from US Research Nanomaterials, Inc. ",15,25,20,spherical,MIC,256,Bacteria,Bacillota,Bacilli,Bacillales,Staphylococcaceae,Staphylococcus,Staphylococcus epidermidis,p,16,18,20,37,1,skin
1320,Acinetobacter baumannii,green_synthesis using Acinetobacter calcoaceticus,8,12,10,spherical,MIC,16,Bacteria,Pseudomonadota,Gammaproteobacteria,Moraxellales,Moraxellaceae,Acinetobacter,Acinetobacter calcoaceticus/baumannii complex,n,24,36,48,37,2,urine
1321,Acinetobacter baumannii,green_synthesis using Acinetobacter calcoaceticus,8,12,10,spherical,MIC,16,Bacteria,Pseudomonadota,Gammaproteobacteria,Moraxellales,Moraxellaceae,Acinetobacter,Acinetobacter calcoaceticus/baumannii complex,n,24,36,48,37,2,urine
1322,Acinetobacter baumannii,green_synthesis using Acinetobacter calcoaceticus,8,12,10,spherical,MIC,16,Bacteria,Pseudomonadota,Gammaproteobacteria,Moraxellales,Moraxellaceae,Acinetobacter,Acinetobacter calcoaceticus/baumannii complex,n,24,36,48,37,2,urine
1323,Acinetobacter baumannii,green_synthesis using Acinetobacter calcoaceticus,8,12,10,spherical,MIC,16,Bacteria,Pseudomonadota,Gammaproteobacteria,Moraxellales,Moraxellaceae,Acinetobacter,Acinetobacter calcoaceticus/baumannii complex,n,24,36,48,37,2,urine
1324,Acinetobacter baumannii,green_synthesis using Acinetobacter calcoaceticus,8,12,10,spherical,MIC,16,Bacteria,Pseudomonadota,Gammaproteobacteria,Moraxellales,Moraxellaceae,Acinetobacter,Acinetobacter calcoaceticus/baumannii complex,n,24,36,48,37,2,urine
1344,Pseudomonas aeruginosa,chemical_synthesis using high voltage method on pure silver,2,35,18.5,spherical,MIC,1,Bacteria,Pseudomonadota,Gammaproteobacteria,Pseudomonadales,Pseudomonadaceae,Pseudomonas,Pseudomonas aeruginosa group,n,24,48,72,37,2,soil
1345,Pseudomonas aeruginosa,chemical_synthesis using high voltage method on pure silver,2,35,18.5,spherical,MIC,1,Bacteria,Pseudomonadota,Gammaproteobacteria,Pseudomonadales,Pseudomonadaceae,Pseudomonas,Pseudomonas aeruginosa group,n,24,48,72,37,2,soil
1346,Pseudomonas aeruginosa,chemical_synthesis using high voltage method on pure silver,2,35,18.5,spherical,MIC,1,Bacteria,Pseudomonadota,Gammaproteobacteria,Pseudomonadales,Pseudomonadaceae,Pseudomonas,Pseudomonas aeruginosa group,n,24,48,72,37,2,soil
1347,Pseudomonas aeruginosa,chemical_synthesis using high voltage method on pure silver,2,35,18.5,spherical,MIC,1,Bacteria,Pseudomonadota,Gammaproteobacteria,Pseudomonadales,Pseudomonadaceae,Pseudomonas,Pseudomonas aeruginosa group,n,24,48,72,37,2,soil
1348,Pseudomonas aeruginosa,chemical_synthesis using high voltage method on pure silver,2,35,18.5,spherical,MIC,1,Bacteria,Pseudomonadota,Gammaproteobacteria,Pseudomonadales,Pseudomonadaceae,Pseudomonas,Pseudomonas aeruginosa group,n,24,48,72,37,2,soil
1349,Pseudomonas aeruginosa,chemical_synthesis using high voltage method on pure silver,2,35,18.5,spherical,MIC,1,Bacteria,Pseudomonadota,Gammaproteobacteria,Pseudomonadales,Pseudomonadaceae,Pseudomonas,Pseudomonas aeruginosa group,n,24,48,72,37,2,soil
1350,Pseudomonas aeruginosa,chemical_synthesis using high voltage method on pure silver,2,35,18.5,spherical,MIC,1,Bacteria,Pseudomonadota,Gammaproteobacteria,Pseudomonadales,Pseudomonadaceae,Pseudomonas,Pseudomonas aeruginosa group,n,24,48,72,37,2,soil
1351,Pseudomonas aeruginosa,chemical_synthesis using high voltage method on pure silver,2,35,18.5,spherical,MIC,1,Bacteria,Pseudomonadota,Gammaproteobacteria,Pseudomonadales,Pseudomonadaceae,Pseudomonas,Pseudomonas aeruginosa group,n,24,48,72,37,2,soil
1360,Escherichia coli,green_synthesis using Streptomyces xinghaiensis,5,20,12.5,spherical,MIC,64,Bacteria,Pseudomonadota,Gammaproteobacteria,Enterobacterales,Enterobacteriaceae,Escherichia,Escherichia coli,n,48,84,120,37,2,urine
1361,Klebsiella pneumoniae,green_synthesis using Streptomyces xinghaiensis,5,20,12.5,spherical,MIC,256,Bacteria,Pseudomonadota,Gammaproteobacteria,Enterobacterales,Enterobacteriaceae,Klebsiella,Klebsiella pneumoniae,n,24,48,72,30,2,respiratory tract
1362,Pseudomonas aeruginosa,green_synthesis using Streptomyces xinghaiensis,5,20,12.5,spherical,MIC,16,Bacteria,Pseudomonadota,Gammaproteobacteria,Pseudomonadales,Pseudomonadaceae,Pseudomonas,Pseudomonas aeruginosa group,n,24,48,72,37,2,soil
1363,Staphylococcus aureus,green_synthesis using Streptomyces xinghaiensis,5,20,12.5,spherical,MIC,256,Bacteria,Bacillota,Bacilli,Bacillales,Staphylococcaceae,Staphylococcus,Staphylococcus aureus,p,24,36,48,37,2,skin
1364,Bacillus subtilis,green_synthesis using Streptomyces xinghaiensis,5,20,12.5,spherical,MIC,64,Bacteria,Bacillota,Bacilli,Bacillales,Bacillaceae,Bacillus,Bacillus subtilis group,p,0.16,7.08,14,30,1,soil
1365,Candida albicans,green_synthesis using Streptomyces xinghaiensis,5,20,12.5,spherical,MIC,32,Fungi,Ascomycota,Saccharomycetes,Saccharomycetales,Debaryomycetaceae,Candida,Candida albicans,f,48,84,120,37,2,mouth
1366,Malassezia furfur,green_synthesis using Streptomyces xinghaiensis,5,20,12.5,spherical,MIC,32,Fungi,Basidiomycota,Malasseziomycetes,Malasseziales,Malasseziaceae,Malassezia,Malassezia furfur,f,24,180,336,37,2,skin
1377,Escherichia coli,green_synthesis using Streptomyces xinghaiensis,5,20,12.5,spherical,MBC,64,Bacteria,Pseudomonadota,Gammaproteobacteria,Enterobacterales,Enterobacteriaceae,Escherichia,Escherichia coli,n,48,84,120,37,2,urine
1378,Klebsiella pneumoniae,green_synthesis using Streptomyces xinghaiensis,5,20,12.5,spherical,MBC,256,Bacteria,Pseudomonadota,Gammaproteobacteria,Enterobacterales,Enterobacteriaceae,Klebsiella,Klebsiella pneumoniae,n,24,48,72,30,2,respiratory tract
1379,Pseudomonas aeruginosa,green_synthesis using Streptomyces xinghaiensis,5,20,12.5,spherical,MBC,32,Bacteria,Pseudomonadota,Gammaproteobacteria,Pseudomonadales,Pseudomonadaceae,Pseudomonas,Pseudomonas aeruginosa group,n,24,48,72,37,2,soil
1380,Staphylococcus aureus,green_synthesis using Streptomyces xinghaiensis,5,20,12.5,spherical,MBC,384,Bacteria,Bacillota,Bacilli,Bacillales,Staphylococcaceae,Staphylococcus,Staphylococcus aureus,p,24,36,48,37,2,skin
1381,Bacillus subtilis,green_synthesis using Streptomyces xinghaiensis,5,20,12.5,spherical,MBC,64,Bacteria,Bacillota,Bacilli,Bacillales,Bacillaceae,Bacillus,Bacillus subtilis group,p,0.16,7.08,14,30,1,soil
1402,Pseudomonas aeruginosa,electrochemical synthesis,52.7,58.5,55.6,quasi-spherical,MIC,1.06,Bacteria,Pseudomonadota,Gammaproteobacteria,Pseudomonadales,Pseudomonadaceae,Pseudomonas,Pseudomonas aeruginosa group,n,24,48,72,37,2,soil
1403,Pseudomonas aeruginosa,electrochemical synthesis,52.7,58.5,55.6,quasi-spherical,MIC,1.06,Bacteria,Pseudomonadota,Gammaproteobacteria,Pseudomonadales,Pseudomonadaceae,Pseudomonas,Pseudomonas aeruginosa group,n,24,48,72,37,2,soil
1404,Pseudomonas aeruginosa,electrochemical synthesis,52.7,58.5,55.6,quasi-spherical,MIC,4.25,Bacteria,Pseudomonadota,Gammaproteobacteria,Pseudomonadales,Pseudomonadaceae,Pseudomonas,Pseudomonas aeruginosa group,n,24,48,72,37,2,soil
1405,Burkholderia cepacia,electrochemical synthesis,52.7,58.5,55.6,quasi-spherical,MIC,1.125,Bacteria,Pseudomonadota,Betaproteobacteria,Burkholderiales,Burkholderiaceae,Burkholderia,Burkholderia cepacia complex,n,24,36,48,35,2,food
1406,Burkholderia cepacia,electrochemical synthesis,52.7,58.5,55.6,quasi-spherical,MIC,2.125,Bacteria,Pseudomonadota,Betaproteobacteria,Burkholderiales,Burkholderiaceae,Burkholderia,Burkholderia cepacia complex,n,24,36,48,35,2,food
1407,Burkholderia cepacia,electrochemical synthesis,52.7,58.5,55.6,quasi-spherical,MIC,1.06,Bacteria,Pseudomonadota,Betaproteobacteria,Burkholderiales,Burkholderiaceae,Burkholderia,Burkholderia cepacia complex,n,24,36,48,35,2,food
1408,Stenotrophomonas maltophilia,electrochemical synthesis,52.7,58.5,55.6,quasi-spherical,MIC,4.25,Bacteria,Pseudomonadota,Gammaproteobacteria,Xanthomonadales,Xanthomonadaceae,Stenotrophomonas,Stenotrophomonas maltophilia,n,12,18,24,37,1,water
1409,Stenotrophomonas maltophilia,electrochemical synthesis,52.7,58.5,55.6,quasi-spherical,MIC,4.25,Bacteria,Pseudomonadota,Gammaproteobacteria,Xanthomonadales,Xanthomonadaceae,Stenotrophomonas,Stenotrophomonas maltophilia,n,12,18,24,37,1,water
1410,Stenotrophomonas maltophilia,electrochemical synthesis,52.7,58.5,55.6,quasi-spherical,MIC,4.25,Bacteria,Pseudomonadota,Gammaproteobacteria,Xanthomonadales,Xanthomonadaceae,Stenotrophomonas,Stenotrophomonas maltophilia,n,12,18,24,37,1,water
1411,Staphylococcus aureus,electrochemical synthesis,52.7,58.5,55.6,quasi-spherical,MIC,8.5,Bacteria,Bacillota,Bacilli,Bacillales,Staphylococcaceae,Staphylococcus,Staphylococcus aureus,p,24,36,48,37,2,skin
1412,Staphylococcus aureus,electrochemical synthesis,52.7,58.5,55.6,quasi-spherical,MIC,8.5,Bacteria,Bacillota,Bacilli,Bacillales,Staphylococcaceae,Staphylococcus,Staphylococcus aureus,p,24,36,48,37,2,skin
1413,Staphylococcus aureus,electrochemical synthesis,52.7,58.5,55.6,quasi-spherical,MIC,8.5,Bacteria,Bacillota,Bacilli,Bacillales,Staphylococcaceae,Staphylococcus,Staphylococcus aureus,p,24,36,48,37,2,skin
1414,Pseudomonas aeruginosa,electrochemical synthesis,52.7,58.5,55.6,quasi-spherical,MBC,1,Bacteria,Pseudomonadota,Gammaproteobacteria,Pseudomonadales,Pseudomonadaceae,Pseudomonas,Pseudomonas aeruginosa group,n,24,48,72,37,2,soil
1415,Pseudomonas aeruginosa,electrochemical synthesis,52.7,58.5,55.6,quasi-spherical,MBC,4,Bacteria,Pseudomonadota,Gammaproteobacteria,Pseudomonadales,Pseudomonadaceae,Pseudomonas,Pseudomonas aeruginosa group,n,24,48,72,37,2,soil
1416,Pseudomonas aeruginosa,electrochemical synthesis,52.7,58.5,55.6,quasi-spherical,MBC,2,Bacteria,Pseudomonadota,Gammaproteobacteria,Pseudomonadales,Pseudomonadaceae,Pseudomonas,Pseudomonas aeruginosa group,n,24,48,72,37,2,soil
1426,Pseudomonas aeruginosa,green_synthesis from fungus Aspergillus flavus,5.34,70,26.06,spherical,MIC,128,Bacteria,Pseudomonadota,Gammaproteobacteria,Pseudomonadales,Pseudomonadaceae,Pseudomonas,Pseudomonas aeruginosa group,n,24,48,72,37,2,soil
1427,Pseudomonas aeruginosa,green_synthesis from fungus Aspergillus flavus,5.34,70,26.06,spherical,MIC,128,Bacteria,Pseudomonadota,Gammaproteobacteria,Pseudomonadales,Pseudomonadaceae,Pseudomonas,Pseudomonas aeruginosa group,n,24,48,72,37,2,soil
1428,Pseudomonas aeruginosa,green_synthesis from fungus Aspergillus flavus,5.34,70,26.06,spherical,MIC,128,Bacteria,Pseudomonadota,Gammaproteobacteria,Pseudomonadales,Pseudomonadaceae,Pseudomonas,Pseudomonas aeruginosa group,n,24,48,72,37,2,soil
1429,Pseudomonas aeruginosa,green_synthesis from fungus Aspergillus flavus,5.34,70,26.06,spherical,MIC,128,Bacteria,Pseudomonadota,Gammaproteobacteria,Pseudomonadales,Pseudomonadaceae,Pseudomonas,Pseudomonas aeruginosa group,n,24,48,72,37,2,soil
1430,Pseudomonas aeruginosa,green_synthesis from fungus Aspergillus flavus,5.34,70,26.06,spherical,MIC,128,Bacteria,Pseudomonadota,Gammaproteobacteria,Pseudomonadales,Pseudomonadaceae,Pseudomonas,Pseudomonas aeruginosa group,n,24,48,72,37,2,soil
1431,Pseudomonas aeruginosa,green_synthesis from fungus Aspergillus flavus,5.34,70,26.06,spherical,MIC,128,Bacteria,Pseudomonadota,Gammaproteobacteria,Pseudomonadales,Pseudomonadaceae,Pseudomonas,Pseudomonas aeruginosa group,n,24,48,72,37,2,soil
1432,Pseudomonas aeruginosa,green_synthesis from fungus Aspergillus flavus,5.34,70,26.06,spherical,MIC,8,Bacteria,Pseudomonadota,Gammaproteobacteria,Pseudomonadales,Pseudomonadaceae,Pseudomonas,Pseudomonas aeruginosa group,n,24,48,72,37,2,soil
1433,Pseudomonas aeruginosa,green_synthesis from Citrus latifolia tan,5.34,70,26.06,spherical,MIC,64,Bacteria,Pseudomonadota,Gammaproteobacteria,Pseudomonadales,Pseudomonadaceae,Pseudomonas,Pseudomonas aeruginosa group,n,24,48,72,37,2,soil
1434,Pseudomonas aeruginosa,green_synthesis from Citrus latifolia tan,5.34,70,26.06,spherical,MIC,128,Bacteria,Pseudomonadota,Gammaproteobacteria,Pseudomonadales,Pseudomonadaceae,Pseudomonas,Pseudomonas aeruginosa group,n,24,48,72,37,2,soil
1435,Pseudomonas aeruginosa,green_synthesis from Citrus latifolia tan,5.34,70,26.06,spherical,MIC,64,Bacteria,Pseudomonadota,Gammaproteobacteria,Pseudomonadales,Pseudomonadaceae,Pseudomonas,Pseudomonas aeruginosa group,n,24,48,72,37,2,soil
1436,Pseudomonas aeruginosa,green_synthesis from Citrus latifolia tan,5.34,70,26.06,spherical,MIC,64,Bacteria,Pseudomonadota,Gammaproteobacteria,Pseudomonadales,Pseudomonadaceae,Pseudomonas,Pseudomonas aeruginosa group,n,24,48,72,37,2,soil
1437,Pseudomonas aeruginosa,green_synthesis from Citrus latifolia tan,5.34,70,26.06,spherical,MIC,64,Bacteria,Pseudomonadota,Gammaproteobacteria,Pseudomonadales,Pseudomonadaceae,Pseudomonas,Pseudomonas aeruginosa group,n,24,48,72,37,2,soil
1438,Pseudomonas aeruginosa,green_synthesis from Citrus latifolia tan,5.34,70,26.06,spherical,MIC,64,Bacteria,Pseudomonadota,Gammaproteobacteria,Pseudomonadales,Pseudomonadaceae,Pseudomonas,Pseudomonas aeruginosa group,n,24,48,72,37,2,soil
1439,Pseudomonas aeruginosa,green_synthesis from Citrus latifolia tan,5.34,70,26.06,spherical,MIC,4,Bacteria,Pseudomonadota,Gammaproteobacteria,Pseudomonadales,Pseudomonadaceae,Pseudomonas,Pseudomonas aeruginosa group,n,24,48,72,37,2,soil
1494,Saccharomyces cerevisiae,"purchased from US Research Nanomaterials, Inc. ",10.9,16,13.5,spherical,MIC,71.2,Fungi,Ascomycota,Saccharomycetes,Saccharomycetales,Saccharomycetaceae,Saccharomyces,Saccharomyces cerevisiae,f,24,48,72,38,1,food
1495,Escherichia coli,"purchased from US Research Nanomaterials, Inc. ",10.9,16,13.5,spherical,MIC,3.56,Bacteria,Pseudomonadota,Gammaproteobacteria,Enterobacterales,Enterobacteriaceae,Escherichia,Escherichia coli,n,48,84,120,37,2,urine
1496,Staphylococcus aureus,"purchased from US Research Nanomaterials, Inc. ",10.9,16,13.5,spherical,MIC,35.6,Bacteria,Bacillota,Bacilli,Bacillales,Staphylococcaceae,Staphylococcus,Staphylococcus aureus,p,24,36,48,37,2,skin
1561,Pseudomonas aeruginosa,purchased from Sigma Aldrich ( citrate capped AgNPs),10,10,10,spherical,MIC,0.234,Bacteria,Pseudomonadota,Gammaproteobacteria,Pseudomonadales,Pseudomonadaceae,Pseudomonas,Pseudomonas aeruginosa group,n,24,48,72,37,2,soil
1562,Pseudomonas aeruginosa,purchased from Sigma Aldrich ( citrate capped AgNPs),20,20,20,spherical,MIC,0.625,Bacteria,Pseudomonadota,Gammaproteobacteria,Pseudomonadales,Pseudomonadaceae,Pseudomonas,Pseudomonas aeruginosa group,n,24,48,72,37,2,soil
1563,Pseudomonas aeruginosa,purchased from Sigma Aldrich ( citrate capped AgNPs),40,40,40,spherical,MIC,1.25,Bacteria,Pseudomonadota,Gammaproteobacteria,Pseudomonadales,Pseudomonadaceae,Pseudomonas,Pseudomonas aeruginosa group,n,24,48,72,37,2,soil
1564,Pseudomonas aeruginosa,purchased from Sigma Aldrich ( citrate capped AgNPs),60,60,60,spherical,MIC,2.5,Bacteria,Pseudomonadota,Gammaproteobacteria,Pseudomonadales,Pseudomonadaceae,Pseudomonas,Pseudomonas aeruginosa group,n,24,48,72,37,2,soil
1565,Pseudomonas aeruginosa,purchased from Sigma Aldrich ( citrate capped AgNPs),100,100,100,spherical,MIC,7.5,Bacteria,Pseudomonadota,Gammaproteobacteria,Pseudomonadales,Pseudomonadaceae,Pseudomonas,Pseudomonas aeruginosa group,n,24,48,72,37,2,soil
1625,Escherichia coli,chem_synthesis by silver nitrate,28,28,28,spherical,MIC,0.8,Bacteria,Pseudomonadota,Gammaproteobacteria,Enterobacterales,Enterobacteriaceae,Escherichia,Escherichia coli,n,48,84,120,37,2,urine
1626,Escherichia coli,chem_synthesis by silver nitrate,28,28,28,spherical,MIC,0.8,Bacteria,Pseudomonadota,Gammaproteobacteria,Enterobacterales,Enterobacteriaceae,Escherichia,Escherichia coli,n,48,84,120,37,2,urine
1627,Escherichia coli,chem_synthesis by silver nitrate,28,28,28,spherical,MIC,0.8,Bacteria,Pseudomonadota,Gammaproteobacteria,Enterobacterales,Enterobacteriaceae,Escherichia,Escherichia coli,n,48,84,120,37,2,urine
1628,Escherichia coli,chem_synthesis by silver nitrate,28,28,28,spherical,MIC,0.8,Bacteria,Pseudomonadota,Gammaproteobacteria,Enterobacterales,Enterobacteriaceae,Escherichia,Escherichia coli,n,48,84,120,37,2,urine
1629,Escherichia coli,chem_synthesis by silver nitrate,28,28,28,spherical,MIC,0.8,Bacteria,Pseudomonadota,Gammaproteobacteria,Enterobacterales,Enterobacteriaceae,Escherichia,Escherichia coli,n,48,84,120,37,2,urine
1630,Escherichia coli,chem_synthesis by silver nitrate,28,28,28,spherical,MIC,3.4,Bacteria,Pseudomonadota,Gammaproteobacteria,Enterobacterales,Enterobacteriaceae,Escherichia,Escherichia coli,n,48,84,120,37,2,urine
1631,Escherichia coli,chem_synthesis by silver nitrate,28,28,28,spherical,MIC,3.4,Bacteria,Pseudomonadota,Gammaproteobacteria,Enterobacterales,Enterobacteriaceae,Escherichia,Escherichia coli,n,48,84,120,37,2,urine
1632,Escherichia coli,chem_synthesis by silver nitrate,28,28,28,spherical,MIC,3.4,Bacteria,Pseudomonadota,Gammaproteobacteria,Enterobacterales,Enterobacteriaceae,Escherichia,Escherichia coli,n,48,84,120,37,2,urine
1633,Escherichia coli,chem_synthesis by silver nitrate,28,28,28,spherical,MIC,3.4,Bacteria,Pseudomonadota,Gammaproteobacteria,Enterobacterales,Enterobacteriaceae,Escherichia,Escherichia coli,n,48,84,120,37,2,urine
1634,Escherichia coli,chem_synthesis by silver nitrate,28,28,28,spherical,MIC,3.4,Bacteria,Pseudomonadota,Gammaproteobacteria,Enterobacterales,Enterobacteriaceae,Escherichia,Escherichia coli,n,48,84,120,37,2,urine
1635,Klebsiella pneumoniae,chem_synthesis by silver nitrate,28,28,28,spherical,MIC,3.4,Bacteria,Pseudomonadota,Gammaproteobacteria,Enterobacterales,Enterobacteriaceae,Klebsiella,Klebsiella pneumoniae,n,24,48,72,30,2,respiratory tract
1636,Klebsiella pneumoniae,chem_synthesis by silver nitrate,28,28,28,spherical,MIC,3.4,Bacteria,Pseudomonadota,Gammaproteobacteria,Enterobacterales,Enterobacteriaceae,Klebsiella,Klebsiella pneumoniae,n,24,48,72,30,2,respiratory tract
1637,Klebsiella pneumoniae,chem_synthesis by silver nitrate,28,28,28,spherical,MIC,3.4,Bacteria,Pseudomonadota,Gammaproteobacteria,Enterobacterales,Enterobacteriaceae,Klebsiella,Klebsiella pneumoniae,n,24,48,72,30,2,respiratory tract
1638,Klebsiella pneumoniae,chem_synthesis by silver nitrate,28,28,28,spherical,MIC,3.4,Bacteria,Pseudomonadota,Gammaproteobacteria,Enterobacterales,Enterobacteriaceae,Klebsiella,Klebsiella pneumoniae,n,24,48,72,30,2,respiratory tract
1639,Klebsiella pneumoniae,chem_synthesis by silver nitrate,28,28,28,spherical,MIC,3.4,Bacteria,Pseudomonadota,Gammaproteobacteria,Enterobacterales,Enterobacteriaceae,Klebsiella,Klebsiella pneumoniae,n,24,48,72,30,2,respiratory tract
1640,Klebsiella pneumoniae,chem_synthesis by silver nitrate,28,28,28,spherical,MIC,6.8,Bacteria,Pseudomonadota,Gammaproteobacteria,Enterobacterales,Enterobacteriaceae,Klebsiella,Klebsiella pneumoniae,n,24,48,72,30,2,respiratory tract
1641,Klebsiella pneumoniae,chem_synthesis by silver nitrate,28,28,28,spherical,MIC,6.8,Bacteria,Pseudomonadota,Gammaproteobacteria,Enterobacterales,Enterobacteriaceae,Klebsiella,Klebsiella pneumoniae,n,24,48,72,30,2,respiratory tract
1642,Klebsiella pneumoniae,chem_synthesis by silver nitrate,28,28,28,spherical,MIC,6.8,Bacteria,Pseudomonadota,Gammaproteobacteria,Enterobacterales,Enterobacteriaceae,Klebsiella,Klebsiella pneumoniae,n,24,48,72,30,2,respiratory tract
1643,Klebsiella pneumoniae,chem_synthesis by silver nitrate,28,28,28,spherical,MIC,6.8,Bacteria,Pseudomonadota,Gammaproteobacteria,Enterobacterales,Enterobacteriaceae,Klebsiella,Klebsiella pneumoniae,n,24,48,72,30,2,respiratory tract
1644,Klebsiella pneumoniae,chem_synthesis by silver nitrate,28,28,28,spherical,MIC,6.8,Bacteria,Pseudomonadota,Gammaproteobacteria,Enterobacterales,Enterobacteriaceae,Klebsiella,Klebsiella pneumoniae,n,24,48,72,30,2,respiratory tract
