,Bacteria,NP_Synthesis,NP_concentration (Î¼g/disk),NP size_avg (nm),shape,ZOI_NP,kingdom,phylum,class,order,family,genus,species,gram,"min_Incub_period, h","avg_Incub_period, h","max_Incub_period, h","growth_temp, C",biosafety_level,isolated_from
16,Escherichia coli,green_synthesis from fungus  Aspergillus flavus,100.0,21.0,spherical,15.0,Bacteria,Pseudomonadota,Gammaproteobacteria,Enterobacterales,Enterobacteriaceae,Escherichia,Escherichia coli,n,48.0,84.0,120,37,2,urine
17,Staphylococcus aureus,green_synthesis from fungus  Aspergillus flavus,100.0,21.0,spherical,16.0,Bacteria,Bacillota,Bacilli,Bacillales,Staphylococcaceae,Staphylococcus,Staphylococcus aureus,p,24.0,36.0,48,37,2,skin
18,Micrococcus luteus,green_synthesis from fungus  Aspergillus flavus,100.0,21.0,spherical,14.0,Bacteria,Actinomycetota,Actinomycetes,Micrococcales,Micrococcaceae,Micrococcus,Micrococcus luteus,p,240.0,288.0,336,30,1,soil
19,Pseudomonas aeruginosa,green_synthesis from fungus  Aspergillus flavus,100.0,21.0,spherical,14.0,Bacteria,Pseudomonadota,Gammaproteobacteria,Pseudomonadales,Pseudomonadaceae,Pseudomonas,Pseudomonas aeruginosa group,n,24.0,48.0,72,37,2,soil
20,Enterococcus faecalis,green_synthesis from fungus  Aspergillus flavus,100.0,21.0,spherical,15.0,Bacteria,Bacillota,Bacilli,Lactobacillales,Enterococcaceae,Enterococcus,Enterococcus faecalis,p,24.0,36.0,48,37,2,urine
21,Acinetobacter baumannii,green_synthesis from fungus  Aspergillus flavus,100.0,21.0,spherical,15.0,Bacteria,Pseudomonadota,Gammaproteobacteria,Moraxellales,Moraxellaceae,Acinetobacter,Acinetobacter calcoaceticus/baumannii complex,n,24.0,36.0,48,37,2,urine
22,Klebsiella pneumoniae,green_synthesis from fungus  Aspergillus flavus,100.0,21.0,spherical,14.0,Bacteria,Pseudomonadota,Gammaproteobacteria,Enterobacterales,Enterobacteriaceae,Klebsiella,Klebsiella pneumoniae,n,24.0,48.0,72,30,2,respiratory tract
23,Bacillus spp.,green_synthesis from fungus  Aspergillus flavus,100.0,21.0,spherical,15.0,Bacteria,Bacillota,Bacilli,Bacillales,Bacillaceae,Bacillus,unclassified Bacillus,p,4.0,10.0,16,30,2,soil
24,Escherichia coli,green_synthesis from fungus  Aspergillus flavus,100.0,21.0,spherical,15.0,Bacteria,Pseudomonadota,Gammaproteobacteria,Enterobacterales,Enterobacteriaceae,Escherichia,Escherichia coli,n,48.0,84.0,120,37,2,urine
25,Staphylococcus aureus,green_synthesis from fungus  Aspergillus flavus,100.0,21.0,spherical,16.0,Bacteria,Bacillota,Bacilli,Bacillales,Staphylococcaceae,Staphylococcus,Staphylococcus aureus,p,24.0,36.0,48,37,2,skin
26,Micrococcus luteus,green_synthesis from fungus  Aspergillus flavus,100.0,21.0,spherical,14.0,Bacteria,Actinomycetota,Actinomycetes,Micrococcales,Micrococcaceae,Micrococcus,Micrococcus luteus,p,240.0,288.0,336,30,1,soil
27,Pseudomonas aeruginosa,green_synthesis from fungus  Aspergillus flavus,100.0,21.0,spherical,14.0,Bacteria,Pseudomonadota,Gammaproteobacteria,Pseudomonadales,Pseudomonadaceae,Pseudomonas,Pseudomonas aeruginosa group,n,24.0,48.0,72,37,2,soil
28,Enterococcus faecalis,green_synthesis from fungus  Aspergillus flavus,100.0,21.0,spherical,15.0,Bacteria,Bacillota,Bacilli,Lactobacillales,Enterococcaceae,Enterococcus,Enterococcus faecalis,p,24.0,36.0,48,37,2,urine
29,Acinetobacter baumannii,green_synthesis from fungus  Aspergillus flavus,100.0,21.0,spherical,15.0,Bacteria,Pseudomonadota,Gammaproteobacteria,Moraxellales,Moraxellaceae,Acinetobacter,Acinetobacter calcoaceticus/baumannii complex,n,24.0,36.0,48,37,2,urine
30,Klebsiella pneumoniae,green_synthesis from fungus  Aspergillus flavus,100.0,21.0,spherical,14.0,Bacteria,Pseudomonadota,Gammaproteobacteria,Enterobacterales,Enterobacteriaceae,Klebsiella,Klebsiella pneumoniae,n,24.0,48.0,72,30,2,respiratory tract
31,Bacillus spp.,green_synthesis from fungus  Aspergillus flavus,100.0,21.0,spherical,15.0,Bacteria,Bacillota,Bacilli,Bacillales,Bacillaceae,Bacillus,unclassified Bacillus,p,4.0,10.0,16,30,2,soil
32,Escherichia coli,green_synthesis from fungus  Aspergillus flavus,100.0,21.0,spherical,15.0,Bacteria,Pseudomonadota,Gammaproteobacteria,Enterobacterales,Enterobacteriaceae,Escherichia,Escherichia coli,n,48.0,84.0,120,37,2,urine
33,Staphylococcus aureus,green_synthesis from fungus  Aspergillus flavus,100.0,21.0,spherical,16.0,Bacteria,Bacillota,Bacilli,Bacillales,Staphylococcaceae,Staphylococcus,Staphylococcus aureus,p,24.0,36.0,48,37,2,skin
34,Micrococcus luteus,green_synthesis from fungus  Aspergillus flavus,100.0,21.0,spherical,14.0,Bacteria,Actinomycetota,Actinomycetes,Micrococcales,Micrococcaceae,Micrococcus,Micrococcus luteus,p,240.0,288.0,336,30,1,soil
35,Pseudomonas aeruginosa,green_synthesis from fungus  Aspergillus flavus,100.0,21.0,spherical,14.0,Bacteria,Pseudomonadota,Gammaproteobacteria,Pseudomonadales,Pseudomonadaceae,Pseudomonas,Pseudomonas aeruginosa group,n,24.0,48.0,72,37,2,soil
36,Enterococcus faecalis,green_synthesis from fungus  Aspergillus flavus,100.0,21.0,spherical,15.0,Bacteria,Bacillota,Bacilli,Lactobacillales,Enterococcaceae,Enterococcus,Enterococcus faecalis,p,24.0,36.0,48,37,2,urine
37,Acinetobacter baumannii,green_synthesis from fungus  Aspergillus flavus,100.0,21.0,spherical,15.0,Bacteria,Pseudomonadota,Gammaproteobacteria,Moraxellales,Moraxellaceae,Acinetobacter,Acinetobacter calcoaceticus/baumannii complex,n,24.0,36.0,48,37,2,urine
38,Klebsiella pneumoniae,green_synthesis from fungus  Aspergillus flavus,100.0,21.0,spherical,14.0,Bacteria,Pseudomonadota,Gammaproteobacteria,Enterobacterales,Enterobacteriaceae,Klebsiella,Klebsiella pneumoniae,n,24.0,48.0,72,30,2,respiratory tract
39,Bacillus spp.,green_synthesis from fungus  Aspergillus flavus,100.0,21.0,spherical,15.0,Bacteria,Bacillota,Bacilli,Bacillales,Bacillaceae,Bacillus,unclassified Bacillus,p,4.0,10.0,16,30,2,soil
40,Escherichia coli,green_synthesis from fungus  Aspergillus flavus,100.0,21.0,spherical,15.0,Bacteria,Pseudomonadota,Gammaproteobacteria,Enterobacterales,Enterobacteriaceae,Escherichia,Escherichia coli,n,48.0,84.0,120,37,2,urine
41,Staphylococcus aureus,green_synthesis from fungus  Aspergillus flavus,100.0,21.0,spherical,16.0,Bacteria,Bacillota,Bacilli,Bacillales,Staphylococcaceae,Staphylococcus,Staphylococcus aureus,p,24.0,36.0,48,37,2,skin
42,Micrococcus luteus,green_synthesis from fungus  Aspergillus flavus,100.0,21.0,spherical,14.0,Bacteria,Actinomycetota,Actinomycetes,Micrococcales,Micrococcaceae,Micrococcus,Micrococcus luteus,p,240.0,288.0,336,30,1,soil
43,Pseudomonas aeruginosa,green_synthesis from fungus  Aspergillus flavus,100.0,21.0,spherical,14.0,Bacteria,Pseudomonadota,Gammaproteobacteria,Pseudomonadales,Pseudomonadaceae,Pseudomonas,Pseudomonas aeruginosa group,n,24.0,48.0,72,37,2,soil
44,Enterococcus faecalis,green_synthesis from fungus  Aspergillus flavus,100.0,21.0,spherical,15.0,Bacteria,Bacillota,Bacilli,Lactobacillales,Enterococcaceae,Enterococcus,Enterococcus faecalis,p,24.0,36.0,48,37,2,urine
45,Acinetobacter baumannii,green_synthesis from fungus  Aspergillus flavus,100.0,21.0,spherical,15.0,Bacteria,Pseudomonadota,Gammaproteobacteria,Moraxellales,Moraxellaceae,Acinetobacter,Acinetobacter calcoaceticus/baumannii complex,n,24.0,36.0,48,37,2,urine
46,Klebsiella pneumoniae,green_synthesis from fungus  Aspergillus flavus,100.0,21.0,spherical,14.0,Bacteria,Pseudomonadota,Gammaproteobacteria,Enterobacterales,Enterobacteriaceae,Klebsiella,Klebsiella pneumoniae,n,24.0,48.0,72,30,2,respiratory tract
47,Bacillus spp.,green_synthesis from fungus  Aspergillus flavus,100.0,21.0,spherical,15.0,Bacteria,Bacillota,Bacilli,Bacillales,Bacillaceae,Bacillus,unclassified Bacillus,p,4.0,10.0,16,30,2,soil
48,Escherichia coli,green_synthesis from fungus  Aspergillus flavus,100.0,21.0,spherical,15.0,Bacteria,Pseudomonadota,Gammaproteobacteria,Enterobacterales,Enterobacteriaceae,Escherichia,Escherichia coli,n,48.0,84.0,120,37,2,urine
49,Staphylococcus aureus,green_synthesis from fungus  Aspergillus flavus,100.0,21.0,spherical,16.0,Bacteria,Bacillota,Bacilli,Bacillales,Staphylococcaceae,Staphylococcus,Staphylococcus aureus,p,24.0,36.0,48,37,2,skin
50,Micrococcus luteus,green_synthesis from fungus  Aspergillus flavus,100.0,21.0,spherical,14.0,Bacteria,Actinomycetota,Actinomycetes,Micrococcales,Micrococcaceae,Micrococcus,Micrococcus luteus,p,240.0,288.0,336,30,1,soil
51,Pseudomonas aeruginosa,green_synthesis from fungus  Aspergillus flavus,100.0,21.0,spherical,14.0,Bacteria,Pseudomonadota,Gammaproteobacteria,Pseudomonadales,Pseudomonadaceae,Pseudomonas,Pseudomonas aeruginosa group,n,24.0,48.0,72,37,2,soil
52,Enterococcus faecalis,green_synthesis from fungus  Aspergillus flavus,100.0,21.0,spherical,15.0,Bacteria,Bacillota,Bacilli,Lactobacillales,Enterococcaceae,Enterococcus,Enterococcus faecalis,p,24.0,36.0,48,37,2,urine
53,Acinetobacter baumannii,green_synthesis from fungus  Aspergillus flavus,100.0,21.0,spherical,15.0,Bacteria,Pseudomonadota,Gammaproteobacteria,Moraxellales,Moraxellaceae,Acinetobacter,Acinetobacter calcoaceticus/baumannii complex,n,24.0,36.0,48,37,2,urine
54,Klebsiella pneumoniae,green_synthesis from fungus  Aspergillus flavus,100.0,21.0,spherical,14.0,Bacteria,Pseudomonadota,Gammaproteobacteria,Enterobacterales,Enterobacteriaceae,Klebsiella,Klebsiella pneumoniae,n,24.0,48.0,72,30,2,respiratory tract
55,Bacillus spp.,green_synthesis from fungus  Aspergillus flavus,100.0,21.0,spherical,15.0,Bacteria,Bacillota,Bacilli,Bacillales,Bacillaceae,Bacillus,unclassified Bacillus,p,4.0,10.0,16,30,2,soil
178,Acinetobacter baumannii,green_synthesis using Dioscorea bulbifera tuber extract ,1000.0,13.5,nanorods and triangles,13.0,Bacteria,Pseudomonadota,Gammaproteobacteria,Moraxellales,Moraxellaceae,Acinetobacter,Acinetobacter calcoaceticus/baumannii complex,n,24.0,36.0,48,37,2,urine
179,Acinetobacter baumannii,green_synthesis using Dioscorea bulbifera tuber extract ,500.0,13.5,nanorods and triangles,12.0,Bacteria,Pseudomonadota,Gammaproteobacteria,Moraxellales,Moraxellaceae,Acinetobacter,Acinetobacter calcoaceticus/baumannii complex,n,24.0,36.0,48,37,2,urine
180,Acinetobacter baumannii,green_synthesis using Dioscorea bulbifera tuber extract ,300.0,13.5,nanorods and triangles,11.0,Bacteria,Pseudomonadota,Gammaproteobacteria,Moraxellales,Moraxellaceae,Acinetobacter,Acinetobacter calcoaceticus/baumannii complex,n,24.0,36.0,48,37,2,urine
181,Acinetobacter baumannii,green_synthesis using Dioscorea bulbifera tuber extract ,100.0,13.5,nanorods and triangles,10.0,Bacteria,Pseudomonadota,Gammaproteobacteria,Moraxellales,Moraxellaceae,Acinetobacter,Acinetobacter calcoaceticus/baumannii complex,n,24.0,36.0,48,37,2,urine
182,Acinetobacter baumannii,green_synthesis using Dioscorea bulbifera tuber extract ,50.0,13.5,nanorods and triangles,8.0,Bacteria,Pseudomonadota,Gammaproteobacteria,Moraxellales,Moraxellaceae,Acinetobacter,Acinetobacter calcoaceticus/baumannii complex,n,24.0,36.0,48,37,2,urine
183,Acinetobacter baumannii,green_synthesis using Dioscorea bulbifera tuber extract ,30.0,13.5,nanorods and triangles,0.0,Bacteria,Pseudomonadota,Gammaproteobacteria,Moraxellales,Moraxellaceae,Acinetobacter,Acinetobacter calcoaceticus/baumannii complex,n,24.0,36.0,48,37,2,urine
184,Acinetobacter baumannii,green_synthesis using Dioscorea bulbifera tuber extract ,20.0,13.5,nanorods and triangles,0.0,Bacteria,Pseudomonadota,Gammaproteobacteria,Moraxellales,Moraxellaceae,Acinetobacter,Acinetobacter calcoaceticus/baumannii complex,n,24.0,36.0,48,37,2,urine
185,Acinetobacter baumannii,green_synthesis using Dioscorea bulbifera tuber extract ,10.0,13.5,nanorods and triangles,0.0,Bacteria,Pseudomonadota,Gammaproteobacteria,Moraxellales,Moraxellaceae,Acinetobacter,Acinetobacter calcoaceticus/baumannii complex,n,24.0,36.0,48,37,2,urine
186,Enterobacter cloacae,green_synthesis using Dioscorea bulbifera tuber extract ,1000.0,13.5,nanorods and triangles,12.0,Bacteria,Pseudomonadota,Gammaproteobacteria,Enterobacterales,Enterobacteriaceae,Enterobacter,Enterobacter cloacaecomplex,n,2.0,9.0,15,37,2,activated sludge
187,Enterobacter cloacae,green_synthesis using Dioscorea bulbifera tuber extract ,500.0,13.5,nanorods and triangles,10.0,Bacteria,Pseudomonadota,Gammaproteobacteria,Enterobacterales,Enterobacteriaceae,Enterobacter,Enterobacter cloacaecomplex,n,2.0,9.0,15,37,2,activated sludge
188,Enterobacter cloacae,green_synthesis using Dioscorea bulbifera tuber extract ,300.0,13.5,nanorods and triangles,8.0,Bacteria,Pseudomonadota,Gammaproteobacteria,Enterobacterales,Enterobacteriaceae,Enterobacter,Enterobacter cloacaecomplex,n,2.0,9.0,15,37,2,activated sludge
189,Enterobacter cloacae,green_synthesis using Dioscorea bulbifera tuber extract ,100.0,13.5,nanorods and triangles,0.0,Bacteria,Pseudomonadota,Gammaproteobacteria,Enterobacterales,Enterobacteriaceae,Enterobacter,Enterobacter cloacaecomplex,n,2.0,9.0,15,37,2,activated sludge
190,Enterobacter cloacae,green_synthesis using Dioscorea bulbifera tuber extract ,50.0,13.5,nanorods and triangles,0.0,Bacteria,Pseudomonadota,Gammaproteobacteria,Enterobacterales,Enterobacteriaceae,Enterobacter,Enterobacter cloacaecomplex,n,2.0,9.0,15,37,2,activated sludge
191,Enterobacter cloacae,green_synthesis using Dioscorea bulbifera tuber extract ,30.0,13.5,nanorods and triangles,0.0,Bacteria,Pseudomonadota,Gammaproteobacteria,Enterobacterales,Enterobacteriaceae,Enterobacter,Enterobacter cloacaecomplex,n,2.0,9.0,15,37,2,activated sludge
192,Enterobacter cloacae,green_synthesis using Dioscorea bulbifera tuber extract ,20.0,13.5,nanorods and triangles,0.0,Bacteria,Pseudomonadota,Gammaproteobacteria,Enterobacterales,Enterobacteriaceae,Enterobacter,Enterobacter cloacaecomplex,n,2.0,9.0,15,37,2,activated sludge
193,Enterobacter cloacae,green_synthesis using Dioscorea bulbifera tuber extract ,10.0,13.5,nanorods and triangles,0.0,Bacteria,Pseudomonadota,Gammaproteobacteria,Enterobacterales,Enterobacteriaceae,Enterobacter,Enterobacter cloacaecomplex,n,2.0,9.0,15,37,2,activated sludge
194,Escherichia coli,green_synthesis using Dioscorea bulbifera tuber extract ,1000.0,13.5,nanorods and triangles,18.0,Bacteria,Pseudomonadota,Gammaproteobacteria,Enterobacterales,Enterobacteriaceae,Escherichia,Escherichia coli,n,48.0,84.0,120,37,2,urine
195,Escherichia coli,green_synthesis using Dioscorea bulbifera tuber extract ,500.0,13.5,nanorods and triangles,15.0,Bacteria,Pseudomonadota,Gammaproteobacteria,Enterobacterales,Enterobacteriaceae,Escherichia,Escherichia coli,n,48.0,84.0,120,37,2,urine
196,Escherichia coli,green_synthesis using Dioscorea bulbifera tuber extract ,300.0,13.5,nanorods and triangles,14.0,Bacteria,Pseudomonadota,Gammaproteobacteria,Enterobacterales,Enterobacteriaceae,Escherichia,Escherichia coli,n,48.0,84.0,120,37,2,urine
197,Escherichia coli,green_synthesis using Dioscorea bulbifera tuber extract ,100.0,13.5,nanorods and triangles,13.0,Bacteria,Pseudomonadota,Gammaproteobacteria,Enterobacterales,Enterobacteriaceae,Escherichia,Escherichia coli,n,48.0,84.0,120,37,2,urine
198,Escherichia coli,green_synthesis using Dioscorea bulbifera tuber extract ,50.0,13.5,nanorods and triangles,12.0,Bacteria,Pseudomonadota,Gammaproteobacteria,Enterobacterales,Enterobacteriaceae,Escherichia,Escherichia coli,n,48.0,84.0,120,37,2,urine
199,Escherichia coli,green_synthesis using Dioscorea bulbifera tuber extract ,30.0,13.5,nanorods and triangles,10.0,Bacteria,Pseudomonadota,Gammaproteobacteria,Enterobacterales,Enterobacteriaceae,Escherichia,Escherichia coli,n,48.0,84.0,120,37,2,urine
200,Escherichia coli,green_synthesis using Dioscorea bulbifera tuber extract ,20.0,13.5,nanorods and triangles,9.0,Bacteria,Pseudomonadota,Gammaproteobacteria,Enterobacterales,Enterobacteriaceae,Escherichia,Escherichia coli,n,48.0,84.0,120,37,2,urine
201,Escherichia coli,green_synthesis using Dioscorea bulbifera tuber extract ,10.0,13.5,nanorods and triangles,0.0,Bacteria,Pseudomonadota,Gammaproteobacteria,Enterobacterales,Enterobacteriaceae,Escherichia,Escherichia coli,n,48.0,84.0,120,37,2,urine
202,Haemophilus influenzae,green_synthesis using Dioscorea bulbifera tuber extract ,1000.0,13.5,nanorods and triangles,12.0,Bacteria,Pseudomonadota,Gammaproteobacteria,Pasteurellales,Pasteurellaceae,Haemophilus,Haemophilus influenzae,n,24.0,36.0,48,37,2,respiratory tract
203,Haemophilus influenzae,green_synthesis using Dioscorea bulbifera tuber extract ,500.0,13.5,nanorods and triangles,11.0,Bacteria,Pseudomonadota,Gammaproteobacteria,Pasteurellales,Pasteurellaceae,Haemophilus,Haemophilus influenzae,n,24.0,36.0,48,37,2,respiratory tract
204,Haemophilus influenzae,green_synthesis using Dioscorea bulbifera tuber extract ,300.0,13.5,nanorods and triangles,9.0,Bacteria,Pseudomonadota,Gammaproteobacteria,Pasteurellales,Pasteurellaceae,Haemophilus,Haemophilus influenzae,n,24.0,36.0,48,37,2,respiratory tract
205,Haemophilus influenzae,green_synthesis using Dioscorea bulbifera tuber extract ,100.0,13.5,nanorods and triangles,8.0,Bacteria,Pseudomonadota,Gammaproteobacteria,Pasteurellales,Pasteurellaceae,Haemophilus,Haemophilus influenzae,n,24.0,36.0,48,37,2,respiratory tract
206,Haemophilus influenzae,green_synthesis using Dioscorea bulbifera tuber extract ,50.0,13.5,nanorods and triangles,0.0,Bacteria,Pseudomonadota,Gammaproteobacteria,Pasteurellales,Pasteurellaceae,Haemophilus,Haemophilus influenzae,n,24.0,36.0,48,37,2,respiratory tract
207,Haemophilus influenzae,green_synthesis using Dioscorea bulbifera tuber extract ,30.0,13.5,nanorods and triangles,0.0,Bacteria,Pseudomonadota,Gammaproteobacteria,Pasteurellales,Pasteurellaceae,Haemophilus,Haemophilus influenzae,n,24.0,36.0,48,37,2,respiratory tract
208,Haemophilus influenzae,green_synthesis using Dioscorea bulbifera tuber extract ,20.0,13.5,nanorods and triangles,0.0,Bacteria,Pseudomonadota,Gammaproteobacteria,Pasteurellales,Pasteurellaceae,Haemophilus,Haemophilus influenzae,n,24.0,36.0,48,37,2,respiratory tract
209,Haemophilus influenzae,green_synthesis using Dioscorea bulbifera tuber extract ,10.0,13.5,nanorods and triangles,0.0,Bacteria,Pseudomonadota,Gammaproteobacteria,Pasteurellales,Pasteurellaceae,Haemophilus,Haemophilus influenzae,n,24.0,36.0,48,37,2,respiratory tract
210,Klebsiella pneumoniae,green_synthesis using Dioscorea bulbifera tuber extract ,1000.0,13.5,nanorods and triangles,16.0,Bacteria,Pseudomonadota,Gammaproteobacteria,Enterobacterales,Enterobacteriaceae,Klebsiella,Klebsiella pneumoniae,n,24.0,48.0,72,30,2,respiratory tract
211,Klebsiella pneumoniae,green_synthesis using Dioscorea bulbifera tuber extract ,500.0,13.5,nanorods and triangles,15.0,Bacteria,Pseudomonadota,Gammaproteobacteria,Enterobacterales,Enterobacteriaceae,Klebsiella,Klebsiella pneumoniae,n,24.0,48.0,72,30,2,respiratory tract
212,Klebsiella pneumoniae,green_synthesis using Dioscorea bulbifera tuber extract ,300.0,13.5,nanorods and triangles,14.0,Bacteria,Pseudomonadota,Gammaproteobacteria,Enterobacterales,Enterobacteriaceae,Klebsiella,Klebsiella pneumoniae,n,24.0,48.0,72,30,2,respiratory tract
213,Klebsiella pneumoniae,green_synthesis using Dioscorea bulbifera tuber extract ,100.0,13.5,nanorods and triangles,12.0,Bacteria,Pseudomonadota,Gammaproteobacteria,Enterobacterales,Enterobacteriaceae,Klebsiella,Klebsiella pneumoniae,n,24.0,48.0,72,30,2,respiratory tract
214,Klebsiella pneumoniae,green_synthesis using Dioscorea bulbifera tuber extract ,50.0,13.5,nanorods and triangles,11.0,Bacteria,Pseudomonadota,Gammaproteobacteria,Enterobacterales,Enterobacteriaceae,Klebsiella,Klebsiella pneumoniae,n,24.0,48.0,72,30,2,respiratory tract
215,Klebsiella pneumoniae,green_synthesis using Dioscorea bulbifera tuber extract ,30.0,13.5,nanorods and triangles,9.0,Bacteria,Pseudomonadota,Gammaproteobacteria,Enterobacterales,Enterobacteriaceae,Klebsiella,Klebsiella pneumoniae,n,24.0,48.0,72,30,2,respiratory tract
216,Klebsiella pneumoniae,green_synthesis using Dioscorea bulbifera tuber extract ,20.0,13.5,nanorods and triangles,8.0,Bacteria,Pseudomonadota,Gammaproteobacteria,Enterobacterales,Enterobacteriaceae,Klebsiella,Klebsiella pneumoniae,n,24.0,48.0,72,30,2,respiratory tract
217,Klebsiella pneumoniae,green_synthesis using Dioscorea bulbifera tuber extract ,10.0,13.5,nanorods and triangles,0.0,Bacteria,Pseudomonadota,Gammaproteobacteria,Enterobacterales,Enterobacteriaceae,Klebsiella,Klebsiella pneumoniae,n,24.0,48.0,72,30,2,respiratory tract
218,Neisseria mucosa,green_synthesis using Dioscorea bulbifera tuber extract ,1000.0,13.5,nanorods and triangles,21.0,Bacteria,Pseudomonadota,Betaproteobacteria,Neisseriales,Neisseriaceae,Neisseria,Neisseria mucosa,n,24.0,36.0,48,30,2,sputum
219,Neisseria mucosa,green_synthesis using Dioscorea bulbifera tuber extract ,500.0,13.5,nanorods and triangles,20.0,Bacteria,Pseudomonadota,Betaproteobacteria,Neisseriales,Neisseriaceae,Neisseria,Neisseria mucosa,n,24.0,36.0,48,30,2,sputum
220,Neisseria mucosa,green_synthesis using Dioscorea bulbifera tuber extract ,300.0,13.5,nanorods and triangles,18.0,Bacteria,Pseudomonadota,Betaproteobacteria,Neisseriales,Neisseriaceae,Neisseria,Neisseria mucosa,n,24.0,36.0,48,30,2,sputum
221,Neisseria mucosa,green_synthesis using Dioscorea bulbifera tuber extract ,100.0,13.5,nanorods and triangles,16.0,Bacteria,Pseudomonadota,Betaproteobacteria,Neisseriales,Neisseriaceae,Neisseria,Neisseria mucosa,n,24.0,36.0,48,30,2,sputum
222,Neisseria mucosa,green_synthesis using Dioscorea bulbifera tuber extract ,50.0,13.5,nanorods and triangles,15.0,Bacteria,Pseudomonadota,Betaproteobacteria,Neisseriales,Neisseriaceae,Neisseria,Neisseria mucosa,n,24.0,36.0,48,30,2,sputum
223,Neisseria mucosa,green_synthesis using Dioscorea bulbifera tuber extract ,30.0,13.5,nanorods and triangles,14.0,Bacteria,Pseudomonadota,Betaproteobacteria,Neisseriales,Neisseriaceae,Neisseria,Neisseria mucosa,n,24.0,36.0,48,30,2,sputum
224,Neisseria mucosa,green_synthesis using Dioscorea bulbifera tuber extract ,20.0,13.5,nanorods and triangles,12.0,Bacteria,Pseudomonadota,Betaproteobacteria,Neisseriales,Neisseriaceae,Neisseria,Neisseria mucosa,n,24.0,36.0,48,30,2,sputum
225,Neisseria mucosa,green_synthesis using Dioscorea bulbifera tuber extract ,10.0,13.5,nanorods and triangles,10.0,Bacteria,Pseudomonadota,Betaproteobacteria,Neisseriales,Neisseriaceae,Neisseria,Neisseria mucosa,n,24.0,36.0,48,30,2,sputum
226,Proteus mirabilis,green_synthesis using Dioscorea bulbifera tuber extract ,1000.0,13.5,nanorods and triangles,0.0,Bacteria,Pseudomonadota,Gammaproteobacteria,Enterobacterales,Morganellaceae,Proteus,Proteus mirabilis,n,24.0,48.0,72,37,2,urine
227,Proteus mirabilis,green_synthesis using Dioscorea bulbifera tuber extract ,500.0,13.5,nanorods and triangles,0.0,Bacteria,Pseudomonadota,Gammaproteobacteria,Enterobacterales,Morganellaceae,Proteus,Proteus mirabilis,n,24.0,48.0,72,37,2,urine
228,Proteus mirabilis,green_synthesis using Dioscorea bulbifera tuber extract ,300.0,13.5,nanorods and triangles,0.0,Bacteria,Pseudomonadota,Gammaproteobacteria,Enterobacterales,Morganellaceae,Proteus,Proteus mirabilis,n,24.0,48.0,72,37,2,urine
229,Proteus mirabilis,green_synthesis using Dioscorea bulbifera tuber extract ,100.0,13.5,nanorods and triangles,0.0,Bacteria,Pseudomonadota,Gammaproteobacteria,Enterobacterales,Morganellaceae,Proteus,Proteus mirabilis,n,24.0,48.0,72,37,2,urine
230,Proteus mirabilis,green_synthesis using Dioscorea bulbifera tuber extract ,50.0,13.5,nanorods and triangles,0.0,Bacteria,Pseudomonadota,Gammaproteobacteria,Enterobacterales,Morganellaceae,Proteus,Proteus mirabilis,n,24.0,48.0,72,37,2,urine
231,Proteus mirabilis,green_synthesis using Dioscorea bulbifera tuber extract ,30.0,13.5,nanorods and triangles,0.0,Bacteria,Pseudomonadota,Gammaproteobacteria,Enterobacterales,Morganellaceae,Proteus,Proteus mirabilis,n,24.0,48.0,72,37,2,urine
232,Proteus mirabilis,green_synthesis using Dioscorea bulbifera tuber extract ,20.0,13.5,nanorods and triangles,0.0,Bacteria,Pseudomonadota,Gammaproteobacteria,Enterobacterales,Morganellaceae,Proteus,Proteus mirabilis,n,24.0,48.0,72,37,2,urine
233,Proteus mirabilis,green_synthesis using Dioscorea bulbifera tuber extract ,10.0,13.5,nanorods and triangles,0.0,Bacteria,Pseudomonadota,Gammaproteobacteria,Enterobacterales,Morganellaceae,Proteus,Proteus mirabilis,n,24.0,48.0,72,37,2,urine
234,Pseudomonas aeruginosa,green_synthesis using Dioscorea bulbifera tuber extract ,1000.0,13.5,nanorods and triangles,10.0,Bacteria,Pseudomonadota,Gammaproteobacteria,Pseudomonadales,Pseudomonadaceae,Pseudomonas,Pseudomonas aeruginosa group,n,24.0,48.0,72,37,2,soil
235,Pseudomonas aeruginosa,green_synthesis using Dioscorea bulbifera tuber extract ,500.0,13.5,nanorods and triangles,9.0,Bacteria,Pseudomonadota,Gammaproteobacteria,Pseudomonadales,Pseudomonadaceae,Pseudomonas,Pseudomonas aeruginosa group,n,24.0,48.0,72,37,2,soil
236,Pseudomonas aeruginosa,green_synthesis using Dioscorea bulbifera tuber extract ,300.0,13.5,nanorods and triangles,8.0,Bacteria,Pseudomonadota,Gammaproteobacteria,Pseudomonadales,Pseudomonadaceae,Pseudomonas,Pseudomonas aeruginosa group,n,24.0,48.0,72,37,2,soil
237,Pseudomonas aeruginosa,green_synthesis using Dioscorea bulbifera tuber extract ,100.0,13.5,nanorods and triangles,0.0,Bacteria,Pseudomonadota,Gammaproteobacteria,Pseudomonadales,Pseudomonadaceae,Pseudomonas,Pseudomonas aeruginosa group,n,24.0,48.0,72,37,2,soil
238,Pseudomonas aeruginosa,green_synthesis using Dioscorea bulbifera tuber extract ,50.0,13.5,nanorods and triangles,0.0,Bacteria,Pseudomonadota,Gammaproteobacteria,Pseudomonadales,Pseudomonadaceae,Pseudomonas,Pseudomonas aeruginosa group,n,24.0,48.0,72,37,2,soil
239,Pseudomonas aeruginosa,green_synthesis using Dioscorea bulbifera tuber extract ,30.0,13.5,nanorods and triangles,0.0,Bacteria,Pseudomonadota,Gammaproteobacteria,Pseudomonadales,Pseudomonadaceae,Pseudomonas,Pseudomonas aeruginosa group,n,24.0,48.0,72,37,2,soil
240,Pseudomonas aeruginosa,green_synthesis using Dioscorea bulbifera tuber extract ,20.0,13.5,nanorods and triangles,0.0,Bacteria,Pseudomonadota,Gammaproteobacteria,Pseudomonadales,Pseudomonadaceae,Pseudomonas,Pseudomonas aeruginosa group,n,24.0,48.0,72,37,2,soil
241,Pseudomonas aeruginosa,green_synthesis using Dioscorea bulbifera tuber extract ,10.0,13.5,nanorods and triangles,0.0,Bacteria,Pseudomonadota,Gammaproteobacteria,Pseudomonadales,Pseudomonadaceae,Pseudomonas,Pseudomonas aeruginosa group,n,24.0,48.0,72,37,2,soil
242,Salmonella typhi,green_synthesis using Dioscorea bulbifera tuber extract ,1000.0,13.5,nanorods and triangles,12.0,Bacteria,Pseudomonadota,Gammaproteobacteria,Enterobacterales,Enterobacteriaceae,Salmonella,Salmonella enterica,n,168.0,252.0,336,37,2,blood
243,Salmonella typhi,green_synthesis using Dioscorea bulbifera tuber extract ,500.0,13.5,nanorods and triangles,11.0,Bacteria,Pseudomonadota,Gammaproteobacteria,Enterobacterales,Enterobacteriaceae,Salmonella,Salmonella enterica,n,168.0,252.0,336,37,2,blood
244,Salmonella typhi,green_synthesis using Dioscorea bulbifera tuber extract ,300.0,13.5,nanorods and triangles,10.0,Bacteria,Pseudomonadota,Gammaproteobacteria,Enterobacterales,Enterobacteriaceae,Salmonella,Salmonella enterica,n,168.0,252.0,336,37,2,blood
245,Salmonella typhi,green_synthesis using Dioscorea bulbifera tuber extract ,100.0,13.5,nanorods and triangles,9.0,Bacteria,Pseudomonadota,Gammaproteobacteria,Enterobacterales,Enterobacteriaceae,Salmonella,Salmonella enterica,n,168.0,252.0,336,37,2,blood
246,Salmonella typhi,green_synthesis using Dioscorea bulbifera tuber extract ,50.0,13.5,nanorods and triangles,0.0,Bacteria,Pseudomonadota,Gammaproteobacteria,Enterobacterales,Enterobacteriaceae,Salmonella,Salmonella enterica,n,168.0,252.0,336,37,2,blood
247,Salmonella typhi,green_synthesis using Dioscorea bulbifera tuber extract ,30.0,13.5,nanorods and triangles,0.0,Bacteria,Pseudomonadota,Gammaproteobacteria,Enterobacterales,Enterobacteriaceae,Salmonella,Salmonella enterica,n,168.0,252.0,336,37,2,blood
248,Salmonella typhi,green_synthesis using Dioscorea bulbifera tuber extract ,20.0,13.5,nanorods and triangles,0.0,Bacteria,Pseudomonadota,Gammaproteobacteria,Enterobacterales,Enterobacteriaceae,Salmonella,Salmonella enterica,n,168.0,252.0,336,37,2,blood
249,Salmonella typhi,green_synthesis using Dioscorea bulbifera tuber extract ,10.0,13.5,nanorods and triangles,0.0,Bacteria,Pseudomonadota,Gammaproteobacteria,Enterobacterales,Enterobacteriaceae,Salmonella,Salmonella enterica,n,168.0,252.0,336,37,2,blood
250,Serratia odorifera,green_synthesis using Dioscorea bulbifera tuber extract ,1000.0,13.5,nanorods and triangles,10.0,Bacteria,Pseudomonadota,Gammaproteobacteria,Enterobacterales,Yersiniaceae,Serratia,Serratia odorifera,n,0.0,0.0,0,30,1,soil
251,Serratia odorifera,green_synthesis using Dioscorea bulbifera tuber extract ,500.0,13.5,nanorods and triangles,9.0,Bacteria,Pseudomonadota,Gammaproteobacteria,Enterobacterales,Yersiniaceae,Serratia,Serratia odorifera,n,0.0,0.0,0,30,1,soil
252,Serratia odorifera,green_synthesis using Dioscorea bulbifera tuber extract ,300.0,13.5,nanorods and triangles,8.0,Bacteria,Pseudomonadota,Gammaproteobacteria,Enterobacterales,Yersiniaceae,Serratia,Serratia odorifera,n,0.0,0.0,0,30,1,soil
253,Serratia odorifera,green_synthesis using Dioscorea bulbifera tuber extract ,100.0,13.5,nanorods and triangles,0.0,Bacteria,Pseudomonadota,Gammaproteobacteria,Enterobacterales,Yersiniaceae,Serratia,Serratia odorifera,n,0.0,0.0,0,30,1,soil
254,Serratia odorifera,green_synthesis using Dioscorea bulbifera tuber extract ,50.0,13.5,nanorods and triangles,0.0,Bacteria,Pseudomonadota,Gammaproteobacteria,Enterobacterales,Yersiniaceae,Serratia,Serratia odorifera,n,0.0,0.0,0,30,1,soil
255,Serratia odorifera,green_synthesis using Dioscorea bulbifera tuber extract ,30.0,13.5,nanorods and triangles,0.0,Bacteria,Pseudomonadota,Gammaproteobacteria,Enterobacterales,Yersiniaceae,Serratia,Serratia odorifera,n,0.0,0.0,0,30,1,soil
256,Serratia odorifera,green_synthesis using Dioscorea bulbifera tuber extract ,20.0,13.5,nanorods and triangles,0.0,Bacteria,Pseudomonadota,Gammaproteobacteria,Enterobacterales,Yersiniaceae,Serratia,Serratia odorifera,n,0.0,0.0,0,30,1,soil
257,Serratia odorifera,green_synthesis using Dioscorea bulbifera tuber extract ,10.0,13.5,nanorods and triangles,0.0,Bacteria,Pseudomonadota,Gammaproteobacteria,Enterobacterales,Yersiniaceae,Serratia,Serratia odorifera,n,0.0,0.0,0,30,1,soil
258,Vibrio parahaemolyticus,green_synthesis using Dioscorea bulbifera tuber extract ,1000.0,13.5,nanorods and triangles,12.0,Bacteria,Pseudomonadota,Gammaproteobacteria,Vibrionales,Vibrionaceae,Vibrio,Vibrio harveyi group,n,8.0,16.0,24,30,2,water
259,Vibrio parahaemolyticus,green_synthesis using Dioscorea bulbifera tuber extract ,500.0,13.5,nanorods and triangles,11.0,Bacteria,Pseudomonadota,Gammaproteobacteria,Vibrionales,Vibrionaceae,Vibrio,Vibrio harveyi group,n,8.0,16.0,24,30,2,water
260,Vibrio parahaemolyticus,green_synthesis using Dioscorea bulbifera tuber extract ,300.0,13.5,nanorods and triangles,9.0,Bacteria,Pseudomonadota,Gammaproteobacteria,Vibrionales,Vibrionaceae,Vibrio,Vibrio harveyi group,n,8.0,16.0,24,30,2,water
261,Vibrio parahaemolyticus,green_synthesis using Dioscorea bulbifera tuber extract ,100.0,13.5,nanorods and triangles,8.0,Bacteria,Pseudomonadota,Gammaproteobacteria,Vibrionales,Vibrionaceae,Vibrio,Vibrio harveyi group,n,8.0,16.0,24,30,2,water
262,Vibrio parahaemolyticus,green_synthesis using Dioscorea bulbifera tuber extract ,50.0,13.5,nanorods and triangles,0.0,Bacteria,Pseudomonadota,Gammaproteobacteria,Vibrionales,Vibrionaceae,Vibrio,Vibrio harveyi group,n,8.0,16.0,24,30,2,water
263,Vibrio parahaemolyticus,green_synthesis using Dioscorea bulbifera tuber extract ,30.0,13.5,nanorods and triangles,0.0,Bacteria,Pseudomonadota,Gammaproteobacteria,Vibrionales,Vibrionaceae,Vibrio,Vibrio harveyi group,n,8.0,16.0,24,30,2,water
264,Vibrio parahaemolyticus,green_synthesis using Dioscorea bulbifera tuber extract ,20.0,13.5,nanorods and triangles,0.0,Bacteria,Pseudomonadota,Gammaproteobacteria,Vibrionales,Vibrionaceae,Vibrio,Vibrio harveyi group,n,8.0,16.0,24,30,2,water
265,Vibrio parahaemolyticus,green_synthesis using Dioscorea bulbifera tuber extract ,10.0,13.5,nanorods and triangles,0.0,Bacteria,Pseudomonadota,Gammaproteobacteria,Vibrionales,Vibrionaceae,Vibrio,Vibrio harveyi group,n,8.0,16.0,24,30,2,water
266,Bacillus subtilis,green_synthesis using Dioscorea bulbifera tuber extract ,1000.0,13.5,nanorods and triangles,17.0,Bacteria,Bacillota,Bacilli,Bacillales,Bacillaceae,Bacillus,Bacillus subtilis group,p,0.16,7.08,14,30,1,soil
267,Bacillus subtilis,green_synthesis using Dioscorea bulbifera tuber extract ,500.0,13.5,nanorods and triangles,16.0,Bacteria,Bacillota,Bacilli,Bacillales,Bacillaceae,Bacillus,Bacillus subtilis group,p,0.16,7.08,14,30,1,soil
268,Bacillus subtilis,green_synthesis using Dioscorea bulbifera tuber extract ,300.0,13.5,nanorods and triangles,15.0,Bacteria,Bacillota,Bacilli,Bacillales,Bacillaceae,Bacillus,Bacillus subtilis group,p,0.16,7.08,14,30,1,soil
269,Bacillus subtilis,green_synthesis using Dioscorea bulbifera tuber extract ,100.0,13.5,nanorods and triangles,13.0,Bacteria,Bacillota,Bacilli,Bacillales,Bacillaceae,Bacillus,Bacillus subtilis group,p,0.16,7.08,14,30,1,soil
270,Bacillus subtilis,green_synthesis using Dioscorea bulbifera tuber extract ,50.0,13.5,nanorods and triangles,11.0,Bacteria,Bacillota,Bacilli,Bacillales,Bacillaceae,Bacillus,Bacillus subtilis group,p,0.16,7.08,14,30,1,soil
271,Bacillus subtilis,green_synthesis using Dioscorea bulbifera tuber extract ,30.0,13.5,nanorods and triangles,10.0,Bacteria,Bacillota,Bacilli,Bacillales,Bacillaceae,Bacillus,Bacillus subtilis group,p,0.16,7.08,14,30,1,soil
272,Bacillus subtilis,green_synthesis using Dioscorea bulbifera tuber extract ,20.0,13.5,nanorods and triangles,9.0,Bacteria,Bacillota,Bacilli,Bacillales,Bacillaceae,Bacillus,Bacillus subtilis group,p,0.16,7.08,14,30,1,soil
273,Bacillus subtilis,green_synthesis using Dioscorea bulbifera tuber extract ,10.0,13.5,nanorods and triangles,0.0,Bacteria,Bacillota,Bacilli,Bacillales,Bacillaceae,Bacillus,Bacillus subtilis group,p,0.16,7.08,14,30,1,soil
274,Pseudomonas koreensis,green_synthesis using Dioscorea bulbifera tuber extract ,1000.0,13.5,nanorods and triangles,12.0,Bacteria,Pseudomonadota,Gammaproteobacteria,Pseudomonadales,Pseudomonadaceae,Pseudomonas,Pseudomonas fluorescens group,n,24.0,36.0,48,30,1,soil
275,Pseudomonas koreensis,green_synthesis using Dioscorea bulbifera tuber extract ,500.0,13.5,nanorods and triangles,11.0,Bacteria,Pseudomonadota,Gammaproteobacteria,Pseudomonadales,Pseudomonadaceae,Pseudomonas,Pseudomonas fluorescens group,n,24.0,36.0,48,30,1,soil
276,Pseudomonas koreensis,green_synthesis using Dioscorea bulbifera tuber extract ,300.0,13.5,nanorods and triangles,9.0,Bacteria,Pseudomonadota,Gammaproteobacteria,Pseudomonadales,Pseudomonadaceae,Pseudomonas,Pseudomonas fluorescens group,n,24.0,36.0,48,30,1,soil
277,Pseudomonas koreensis,green_synthesis using Dioscorea bulbifera tuber extract ,100.0,13.5,nanorods and triangles,8.0,Bacteria,Pseudomonadota,Gammaproteobacteria,Pseudomonadales,Pseudomonadaceae,Pseudomonas,Pseudomonas fluorescens group,n,24.0,36.0,48,30,1,soil
278,Pseudomonas koreensis,green_synthesis using Dioscorea bulbifera tuber extract ,50.0,13.5,nanorods and triangles,0.0,Bacteria,Pseudomonadota,Gammaproteobacteria,Pseudomonadales,Pseudomonadaceae,Pseudomonas,Pseudomonas fluorescens group,n,24.0,36.0,48,30,1,soil
279,Pseudomonas koreensis,green_synthesis using Dioscorea bulbifera tuber extract ,30.0,13.5,nanorods and triangles,0.0,Bacteria,Pseudomonadota,Gammaproteobacteria,Pseudomonadales,Pseudomonadaceae,Pseudomonas,Pseudomonas fluorescens group,n,24.0,36.0,48,30,1,soil
280,Pseudomonas koreensis,green_synthesis using Dioscorea bulbifera tuber extract ,20.0,13.5,nanorods and triangles,0.0,Bacteria,Pseudomonadota,Gammaproteobacteria,Pseudomonadales,Pseudomonadaceae,Pseudomonas,Pseudomonas fluorescens group,n,24.0,36.0,48,30,1,soil
281,Pseudomonas koreensis,green_synthesis using Dioscorea bulbifera tuber extract ,10.0,13.5,nanorods and triangles,0.0,Bacteria,Pseudomonadota,Gammaproteobacteria,Pseudomonadales,Pseudomonadaceae,Pseudomonas,Pseudomonas fluorescens group,n,24.0,36.0,48,30,1,soil
282,Staphylococcus aureus,green_synthesis using Dioscorea bulbifera tuber extract ,1000.0,13.5,nanorods and triangles,8.0,Bacteria,Bacillota,Bacilli,Bacillales,Staphylococcaceae,Staphylococcus,Staphylococcus aureus,p,24.0,36.0,48,37,2,skin
283,Staphylococcus aureus,green_synthesis using Dioscorea bulbifera tuber extract ,500.0,13.5,nanorods and triangles,7.0,Bacteria,Bacillota,Bacilli,Bacillales,Staphylococcaceae,Staphylococcus,Staphylococcus aureus,p,24.0,36.0,48,37,2,skin
284,Staphylococcus aureus,green_synthesis using Dioscorea bulbifera tuber extract ,300.0,13.5,nanorods and triangles,0.0,Bacteria,Bacillota,Bacilli,Bacillales,Staphylococcaceae,Staphylococcus,Staphylococcus aureus,p,24.0,36.0,48,37,2,skin
285,Staphylococcus aureus,green_synthesis using Dioscorea bulbifera tuber extract ,100.0,13.5,nanorods and triangles,0.0,Bacteria,Bacillota,Bacilli,Bacillales,Staphylococcaceae,Staphylococcus,Staphylococcus aureus,p,24.0,36.0,48,37,2,skin
286,Staphylococcus aureus,green_synthesis using Dioscorea bulbifera tuber extract ,50.0,13.5,nanorods and triangles,0.0,Bacteria,Bacillota,Bacilli,Bacillales,Staphylococcaceae,Staphylococcus,Staphylococcus aureus,p,24.0,36.0,48,37,2,skin
287,Staphylococcus aureus,green_synthesis using Dioscorea bulbifera tuber extract ,30.0,13.5,nanorods and triangles,0.0,Bacteria,Bacillota,Bacilli,Bacillales,Staphylococcaceae,Staphylococcus,Staphylococcus aureus,p,24.0,36.0,48,37,2,skin
288,Staphylococcus aureus,green_synthesis using Dioscorea bulbifera tuber extract ,20.0,13.5,nanorods and triangles,0.0,Bacteria,Bacillota,Bacilli,Bacillales,Staphylococcaceae,Staphylococcus,Staphylococcus aureus,p,24.0,36.0,48,37,2,skin
289,Staphylococcus aureus,green_synthesis using Dioscorea bulbifera tuber extract ,10.0,13.5,nanorods and triangles,0.0,Bacteria,Bacillota,Bacilli,Bacillales,Staphylococcaceae,Staphylococcus,Staphylococcus aureus,p,24.0,36.0,48,37,2,skin
598,Enterococcus faecalis,green_synthesis using extract of Klebsiella pneumoniae,10.0,20.0,spherical,10.0,Bacteria,Bacillota,Bacilli,Lactobacillales,Enterococcaceae,Enterococcus,Enterococcus faecalis,p,24.0,36.0,48,37,2,urine
599,Enterococcus faecalis,green_synthesis using extract of Klebsiella pneumoniae,20.0,20.0,spherical,18.0,Bacteria,Bacillota,Bacilli,Lactobacillales,Enterococcaceae,Enterococcus,Enterococcus faecalis,p,24.0,36.0,48,37,2,urine
600,Enterococcus faecalis,green_synthesis using extract of Klebsiella pneumoniae,30.0,20.0,spherical,23.0,Bacteria,Bacillota,Bacilli,Lactobacillales,Enterococcaceae,Enterococcus,Enterococcus faecalis,p,24.0,36.0,48,37,2,urine
601,Enterococcus faecalis,green_synthesis using extract of Klebsiella pneumoniae,10.0,20.0,spherical,10.0,Bacteria,Bacillota,Bacilli,Lactobacillales,Enterococcaceae,Enterococcus,Enterococcus faecalis,p,24.0,36.0,48,37,2,urine
602,Enterococcus faecalis,green_synthesis using extract of Klebsiella pneumoniae,10.0,20.0,spherical,10.0,Bacteria,Bacillota,Bacilli,Lactobacillales,Enterococcaceae,Enterococcus,Enterococcus faecalis,p,24.0,36.0,48,37,2,urine
603,Bacillus cereus,green_synthesis using extract of corn leaves,50.0,45.26,spherical,11.39,Bacteria,Bacillota,Bacilli,Bacillales,Bacillaceae,Bacillus,Bacillus cereus group,p,4.0,10.0,16,30,2,food
604,Escherichia coli,green_synthesis using extract of corn leaves,50.0,45.26,spherical,10.55,Bacteria,Pseudomonadota,Gammaproteobacteria,Enterobacterales,Enterobacteriaceae,Escherichia,Escherichia coli,n,48.0,84.0,120,37,2,urine
605,Listeria monocytogenes,green_synthesis using extract of corn leaves,50.0,45.26,spherical,9.26,Bacteria,Bacillota,Bacilli,Bacillales,Listeriaceae,Listeria,Listeria monocytogenes,p,24.0,36.0,48,37,2,food
606,Staphylococcus aureus,green_synthesis using extract of corn leaves,50.0,45.26,spherical,11.57,Bacteria,Bacillota,Bacilli,Bacillales,Staphylococcaceae,Staphylococcus,Staphylococcus aureus,p,24.0,36.0,48,37,2,skin
607,Salmonella typhimurium,green_synthesis using extract of corn leaves,50.0,45.26,spherical,11.22,Bacteria,Pseudomonadota,Gammaproteobacteria,Enterobacterales,Enterobacteriaceae,Salmonella,Salmonella enterica,n,6.0,39.0,72,37,2,meat
726,Staphylococcus epidermidis,green_synthesis  by Bacillus sp.,10.0,28.0,spherical,15.0,Bacteria,Bacillota,Bacilli,Bacillales,Staphylococcaceae,Staphylococcus,Staphylococcus epidermidis,p,16.0,18.0,20,37,1,skin
727,Staphylococcus epidermidis,green_synthesis  by Bacillus sp.,10.0,28.0,spherical,15.0,Bacteria,Bacillota,Bacilli,Bacillales,Staphylococcaceae,Staphylococcus,Staphylococcus epidermidis,p,16.0,18.0,20,37,1,skin
728,Staphylococcus epidermidis,green_synthesis  by Bacillus sp.,10.0,28.0,spherical,19.0,Bacteria,Bacillota,Bacilli,Bacillales,Staphylococcaceae,Staphylococcus,Staphylococcus epidermidis,p,16.0,18.0,20,37,1,skin
729,Staphylococcus epidermidis,green_synthesis  by Bacillus sp.,10.0,28.0,spherical,19.0,Bacteria,Bacillota,Bacilli,Bacillales,Staphylococcaceae,Staphylococcus,Staphylococcus epidermidis,p,16.0,18.0,20,37,1,skin
730,Staphylococcus epidermidis,green_synthesis  by Bacillus sp.,10.0,28.0,spherical,19.0,Bacteria,Bacillota,Bacilli,Bacillales,Staphylococcaceae,Staphylococcus,Staphylococcus epidermidis,p,16.0,18.0,20,37,1,skin
731,Staphylococcus epidermidis,green_synthesis  by Bacillus sp.,10.0,28.0,spherical,19.0,Bacteria,Bacillota,Bacilli,Bacillales,Staphylococcaceae,Staphylococcus,Staphylococcus epidermidis,p,16.0,18.0,20,37,1,skin
732,Staphylococcus aureus,green_synthesis  by Bacillus sp.,10.0,28.0,spherical,18.0,Bacteria,Bacillota,Bacilli,Bacillales,Staphylococcaceae,Staphylococcus,Staphylococcus aureus,p,24.0,36.0,48,37,2,skin
733,Staphylococcus aureus,green_synthesis  by Bacillus sp.,10.0,28.0,spherical,18.0,Bacteria,Bacillota,Bacilli,Bacillales,Staphylococcaceae,Staphylococcus,Staphylococcus aureus,p,24.0,36.0,48,37,2,skin
734,Salmonella typhi,green_synthesis  by Bacillus sp.,10.0,28.0,spherical,13.0,Bacteria,Pseudomonadota,Gammaproteobacteria,Enterobacterales,Enterobacteriaceae,Salmonella,Salmonella enterica,n,168.0,252.0,336,37,2,blood
735,Salmonella typhi,green_synthesis  by Bacillus sp.,10.0,28.0,spherical,13.0,Bacteria,Pseudomonadota,Gammaproteobacteria,Enterobacterales,Enterobacteriaceae,Salmonella,Salmonella enterica,n,168.0,252.0,336,37,2,blood
736,Salmonella paratyphi,green_synthesis  by Bacillus sp.,10.0,28.0,spherical,15.0,Bacteria,Pseudomonadota,Gammaproteobacteria,Enterobacterales,Enterobacteriaceae,Salmonella,Salmonella enterica,n,24.0,132.0,240,37,2,blood
737,Salmonella paratyphi,green_synthesis  by Bacillus sp.,10.0,28.0,spherical,15.0,Bacteria,Pseudomonadota,Gammaproteobacteria,Enterobacterales,Enterobacteriaceae,Salmonella,Salmonella enterica,n,24.0,132.0,240,37,2,blood
738,Vibrio cholerae,green_synthesis  by Bacillus sp.,10.0,28.0,spherical,18.0,Bacteria,Pseudomonadota,Gammaproteobacteria,Vibrionales,Vibrionaceae,Vibrio,Vibrio cholerae,n,48.0,60.0,72,30,2,water
739,Vibrio cholerae,green_synthesis  by Bacillus sp.,10.0,28.0,spherical,18.0,Bacteria,Pseudomonadota,Gammaproteobacteria,Vibrionales,Vibrionaceae,Vibrio,Vibrio cholerae,n,48.0,60.0,72,30,2,water
763,Staphylococcus aureus,"chemical_synthesis (sigma aldrich, 730785)",20.0,10.0,triangular,10.0,Bacteria,Bacillota,Bacilli,Bacillales,Staphylococcaceae,Staphylococcus,Staphylococcus aureus,p,24.0,36.0,48,37,2,skin
764,Staphylococcus aureus,"chemical_synthesis (sigma aldrich, 730785)",20.0,40.0,triangular,10.0,Bacteria,Bacillota,Bacilli,Bacillales,Staphylococcaceae,Staphylococcus,Staphylococcus aureus,p,24.0,36.0,48,37,2,skin
768,Pseudomonas aeruginosa,green_synthesis using aqueous Cassiarox burghii leaf extract,10.0,20.0,spherical,20.3,Bacteria,Pseudomonadota,Gammaproteobacteria,Pseudomonadales,Pseudomonadaceae,Pseudomonas,Pseudomonas aeruginosa group,n,24.0,48.0,72,37,2,soil
769,Streptococcus pneumoniae,green_synthesis using aqueous Cassiarox burghii leaf extract,10.0,20.0,spherical,14.0,Bacteria,Bacillota,Bacilli,Lactobacillales,Streptococcaceae,Streptococcus,Streptococcus pneumoniae,p,24.0,48.0,72,33,2,blood
770,Escherichia coli,green_synthesis using aqueous Cassiarox burghii leaf extract,10.0,20.0,spherical,17.0,Bacteria,Pseudomonadota,Gammaproteobacteria,Enterobacterales,Enterobacteriaceae,Escherichia,Escherichia coli,n,48.0,84.0,120,37,2,urine
771,Micrococcus luteus,green_synthesis using aqueous Cassiarox burghii leaf extract,10.0,20.0,spherical,17.3,Bacteria,Actinomycetota,Actinomycetes,Micrococcales,Micrococcaceae,Micrococcus,Micrococcus luteus,p,240.0,288.0,336,30,1,soil
772,Staphylococcus aureus,green_synthesis using aqueous Cassiarox burghii leaf extract,10.0,20.0,spherical,15.6,Bacteria,Bacillota,Bacilli,Bacillales,Staphylococcaceae,Staphylococcus,Staphylococcus aureus,p,24.0,36.0,48,37,2,skin
773,Bacillus subtilis,green_synthesis using aqueous Cassiarox burghii leaf extract,10.0,20.0,spherical,14.6,Bacteria,Bacillota,Bacilli,Bacillales,Bacillaceae,Bacillus,Bacillus subtilis group,p,0.16,7.08,14,30,1,soil
786,Serratia marcescens,green_synthesis using the methanolic extracts of marine algae (V. pachynema),1000.0,35.0,spherical,26.6,Bacteria,Pseudomonadota,Gammaproteobacteria,Enterobacterales,Yersiniaceae,Serratia,Serratia marcescens,n,2.0,7.0,12,30,2,water
787,Micrococcus luteus,green_synthesis using the methanolic extracts of marine algae (V. pachynema),1000.0,35.0,spherical,20.6,Bacteria,Actinomycetota,Actinomycetes,Micrococcales,Micrococcaceae,Micrococcus,Micrococcus luteus,p,240.0,288.0,336,30,1,soil
788,Serratia marcescens,green_synthesis using the methanolic extracts of marine algae (S. wightii),1000.0,62.5,spherical,14.3,Bacteria,Pseudomonadota,Gammaproteobacteria,Enterobacterales,Yersiniaceae,Serratia,Serratia marcescens,n,2.0,7.0,12,30,2,water
789,Micrococcus luteus,green_synthesis using the methanolic extracts of marine algae (S. wightii),1000.0,62.5,spherical,15.3,Bacteria,Actinomycetota,Actinomycetes,Micrococcales,Micrococcaceae,Micrococcus,Micrococcus luteus,p,240.0,288.0,336,30,1,soil
806,Escherichia coli,chemical_synthesis using sodium borohydride and silver ions,100.0,3.0,spherical,14.0,Bacteria,Pseudomonadota,Gammaproteobacteria,Enterobacterales,Enterobacteriaceae,Escherichia,Escherichia coli,n,48.0,84.0,120,37,2,urine
807,Escherichia coli,chemical_synthesis using sodium borohydride and silver ions,100.0,3.0,spherical,13.0,Bacteria,Pseudomonadota,Gammaproteobacteria,Enterobacterales,Enterobacteriaceae,Escherichia,Escherichia coli,n,48.0,84.0,120,37,2,urine
808,Escherichia coli,chemical_synthesis using sodium borohydride and silver ions,100.0,3.0,spherical,15.0,Bacteria,Pseudomonadota,Gammaproteobacteria,Enterobacterales,Enterobacteriaceae,Escherichia,Escherichia coli,n,48.0,84.0,120,37,2,urine
809,Escherichia coli,chemical_synthesis using sodium borohydride and silver ions,100.0,3.0,spherical,13.0,Bacteria,Pseudomonadota,Gammaproteobacteria,Enterobacterales,Enterobacteriaceae,Escherichia,Escherichia coli,n,48.0,84.0,120,37,2,urine
810,Bacillus subtilis,chemical_synthesis using sodium borohydride and silver ions,102.0,3.0,spherical,11.0,Bacteria,Bacillota,Bacilli,Bacillales,Bacillaceae,Bacillus,Bacillus subtilis group,p,0.16,7.08,14,30,1,soil
811,Staphylococcus aureus,chemical_synthesis using sodium borohydride and silver ions,100.0,3.0,spherical,16.0,Bacteria,Bacillota,Bacilli,Bacillales,Staphylococcaceae,Staphylococcus,Staphylococcus aureus,p,24.0,36.0,48,37,2,skin
812,Staphylococcus aureus,chemical_synthesis using sodium borohydride and silver ions,100.0,3.0,spherical,16.0,Bacteria,Bacillota,Bacilli,Bacillales,Staphylococcaceae,Staphylococcus,Staphylococcus aureus,p,24.0,36.0,48,37,2,skin
813,Staphylococcus aureus,chemical_synthesis using sodium borohydride and silver ions,104.0,3.0,spherical,16.0,Bacteria,Bacillota,Bacilli,Bacillales,Staphylococcaceae,Staphylococcus,Staphylococcus aureus,p,24.0,36.0,48,37,2,skin
817,Escherichia coli,green_synthesis using Ulva fasciata ,170.0,15.0,spherical,26.0,Bacteria,Pseudomonadota,Gammaproteobacteria,Enterobacterales,Enterobacteriaceae,Escherichia,Escherichia coli,n,48.0,84.0,120,37,2,urine
818,Escherichia coli,green_synthesis using Ulva fasciata ,85.0,15.0,spherical,20.0,Bacteria,Pseudomonadota,Gammaproteobacteria,Enterobacterales,Enterobacteriaceae,Escherichia,Escherichia coli,n,48.0,84.0,120,37,2,urine
819,Escherichia coli,green_synthesis using Ulva fasciata ,42.5,15.0,spherical,15.0,Bacteria,Pseudomonadota,Gammaproteobacteria,Enterobacterales,Enterobacteriaceae,Escherichia,Escherichia coli,n,48.0,84.0,120,37,2,urine
820,Escherichia coli,green_synthesis using Ulva fasciata ,21.25,15.0,spherical,16.0,Bacteria,Pseudomonadota,Gammaproteobacteria,Enterobacterales,Enterobacteriaceae,Escherichia,Escherichia coli,n,48.0,84.0,120,37,2,urine
821,Escherichia coli,green_synthesis using Ulva fasciata ,10.625,15.0,spherical,15.0,Bacteria,Pseudomonadota,Gammaproteobacteria,Enterobacterales,Enterobacteriaceae,Escherichia,Escherichia coli,n,48.0,84.0,120,37,2,urine
822,Escherichia coli,green_synthesis using Ulva fasciata ,0.31,15.0,spherical,14.0,Bacteria,Pseudomonadota,Gammaproteobacteria,Enterobacterales,Enterobacteriaceae,Escherichia,Escherichia coli,n,48.0,84.0,120,37,2,urine
823,Escherichia coli,green_synthesis using Ulva fasciata ,2.65,15.0,spherical,13.0,Bacteria,Pseudomonadota,Gammaproteobacteria,Enterobacterales,Enterobacteriaceae,Escherichia,Escherichia coli,n,48.0,84.0,120,37,2,urine
824,Escherichia coli,green_synthesis using Ulva fasciata ,1.33,15.0,spherical,11.0,Bacteria,Pseudomonadota,Gammaproteobacteria,Enterobacterales,Enterobacteriaceae,Escherichia,Escherichia coli,n,48.0,84.0,120,37,2,urine
825,Escherichia coli,green_synthesis using Ulva fasciata ,0.66,15.0,spherical,0.0,Bacteria,Pseudomonadota,Gammaproteobacteria,Enterobacterales,Enterobacteriaceae,Escherichia,Escherichia coli,n,48.0,84.0,120,37,2,urine
826,Staphylococcus aureus,green_synthesis using Ulva fasciata ,170.0,15.0,spherical,27.0,Bacteria,Bacillota,Bacilli,Bacillales,Staphylococcaceae,Staphylococcus,Staphylococcus aureus,p,24.0,36.0,48,37,2,skin
827,Staphylococcus aureus,green_synthesis using Ulva fasciata ,85.0,15.0,spherical,22.0,Bacteria,Bacillota,Bacilli,Bacillales,Staphylococcaceae,Staphylococcus,Staphylococcus aureus,p,24.0,36.0,48,37,2,skin
828,Staphylococcus aureus,green_synthesis using Ulva fasciata ,42.5,15.0,spherical,19.0,Bacteria,Bacillota,Bacilli,Bacillales,Staphylococcaceae,Staphylococcus,Staphylococcus aureus,p,24.0,36.0,48,37,2,skin
829,Staphylococcus aureus,green_synthesis using Ulva fasciata ,21.25,15.0,spherical,15.0,Bacteria,Bacillota,Bacilli,Bacillales,Staphylococcaceae,Staphylococcus,Staphylococcus aureus,p,24.0,36.0,48,37,2,skin
830,Staphylococcus aureus,green_synthesis using Ulva fasciata ,10.625,15.0,spherical,14.0,Bacteria,Bacillota,Bacilli,Bacillales,Staphylococcaceae,Staphylococcus,Staphylococcus aureus,p,24.0,36.0,48,37,2,skin
831,Staphylococcus aureus,green_synthesis using Ulva fasciata ,0.31,15.0,spherical,13.0,Bacteria,Bacillota,Bacilli,Bacillales,Staphylococcaceae,Staphylococcus,Staphylococcus aureus,p,24.0,36.0,48,37,2,skin
832,Staphylococcus aureus,green_synthesis using Ulva fasciata ,2.65,15.0,spherical,11.0,Bacteria,Bacillota,Bacilli,Bacillales,Staphylococcaceae,Staphylococcus,Staphylococcus aureus,p,24.0,36.0,48,37,2,skin
833,Staphylococcus aureus,green_synthesis using Ulva fasciata ,1.33,15.0,spherical,0.0,Bacteria,Bacillota,Bacilli,Bacillales,Staphylococcaceae,Staphylococcus,Staphylococcus aureus,p,24.0,36.0,48,37,2,skin
834,Staphylococcus aureus,green_synthesis using Ulva fasciata ,0.66,15.0,spherical,0.0,Bacteria,Bacillota,Bacilli,Bacillales,Staphylococcaceae,Staphylococcus,Staphylococcus aureus,p,24.0,36.0,48,37,2,skin
835,Salmonella enterica,green_synthesis using Ulva fasciata ,170.0,15.0,spherical,20.0,Bacteria,Pseudomonadota,Gammaproteobacteria,Enterobacterales,Enterobacteriaceae,Salmonella,Salmonella enterica,n,12.0,42.0,72,37,2,food
836,Salmonella enterica,green_synthesis using Ulva fasciata ,85.0,15.0,spherical,18.0,Bacteria,Pseudomonadota,Gammaproteobacteria,Enterobacterales,Enterobacteriaceae,Salmonella,Salmonella enterica,n,12.0,42.0,72,37,2,food
837,Salmonella enterica,green_synthesis using Ulva fasciata ,42.5,15.0,spherical,16.0,Bacteria,Pseudomonadota,Gammaproteobacteria,Enterobacterales,Enterobacteriaceae,Salmonella,Salmonella enterica,n,12.0,42.0,72,37,2,food
838,Salmonella enterica,green_synthesis using Ulva fasciata ,21.25,15.0,spherical,14.0,Bacteria,Pseudomonadota,Gammaproteobacteria,Enterobacterales,Enterobacteriaceae,Salmonella,Salmonella enterica,n,12.0,42.0,72,37,2,food
839,Salmonella enterica,green_synthesis using Ulva fasciata ,10.625,15.0,spherical,12.0,Bacteria,Pseudomonadota,Gammaproteobacteria,Enterobacterales,Enterobacteriaceae,Salmonella,Salmonella enterica,n,12.0,42.0,72,37,2,food
840,Salmonella enterica,green_synthesis using Ulva fasciata ,0.31,15.0,spherical,11.0,Bacteria,Pseudomonadota,Gammaproteobacteria,Enterobacterales,Enterobacteriaceae,Salmonella,Salmonella enterica,n,12.0,42.0,72,37,2,food
841,Salmonella enterica,green_synthesis using Ulva fasciata ,2.65,15.0,spherical,0.0,Bacteria,Pseudomonadota,Gammaproteobacteria,Enterobacterales,Enterobacteriaceae,Salmonella,Salmonella enterica,n,12.0,42.0,72,37,2,food
842,Salmonella enterica,green_synthesis using Ulva fasciata ,1.33,15.0,spherical,0.0,Bacteria,Pseudomonadota,Gammaproteobacteria,Enterobacterales,Enterobacteriaceae,Salmonella,Salmonella enterica,n,12.0,42.0,72,37,2,food
843,Salmonella enterica,green_synthesis using Ulva fasciata ,0.66,15.0,spherical,0.0,Bacteria,Pseudomonadota,Gammaproteobacteria,Enterobacterales,Enterobacteriaceae,Salmonella,Salmonella enterica,n,12.0,42.0,72,37,2,food
844,Candida albicans,green_synthesis using Ulva fasciata ,170.0,15.0,spherical,0.0,Fungi,Ascomycota,Saccharomycetes,Saccharomycetales,Debaryomycetaceae,Candida,Candida albicans,f,48.0,84.0,120,37,2,mouth
845,Candida albicans,green_synthesis using Ulva fasciata ,85.0,15.0,spherical,0.0,Fungi,Ascomycota,Saccharomycetes,Saccharomycetales,Debaryomycetaceae,Candida,Candida albicans,f,48.0,84.0,120,37,2,mouth
846,Candida albicans,green_synthesis using Ulva fasciata ,42.5,15.0,spherical,0.0,Fungi,Ascomycota,Saccharomycetes,Saccharomycetales,Debaryomycetaceae,Candida,Candida albicans,f,48.0,84.0,120,37,2,mouth
847,Candida albicans,green_synthesis using Ulva fasciata ,21.25,15.0,spherical,0.0,Fungi,Ascomycota,Saccharomycetes,Saccharomycetales,Debaryomycetaceae,Candida,Candida albicans,f,48.0,84.0,120,37,2,mouth
848,Candida albicans,green_synthesis using Ulva fasciata ,10.625,15.0,spherical,0.0,Fungi,Ascomycota,Saccharomycetes,Saccharomycetales,Debaryomycetaceae,Candida,Candida albicans,f,48.0,84.0,120,37,2,mouth
849,Candida albicans,green_synthesis using Ulva fasciata ,0.31,15.0,spherical,0.0,Fungi,Ascomycota,Saccharomycetes,Saccharomycetales,Debaryomycetaceae,Candida,Candida albicans,f,48.0,84.0,120,37,2,mouth
850,Candida albicans,green_synthesis using Ulva fasciata ,2.65,15.0,spherical,0.0,Fungi,Ascomycota,Saccharomycetes,Saccharomycetales,Debaryomycetaceae,Candida,Candida albicans,f,48.0,84.0,120,37,2,mouth
851,Candida albicans,green_synthesis using Ulva fasciata ,1.33,15.0,spherical,0.0,Fungi,Ascomycota,Saccharomycetes,Saccharomycetales,Debaryomycetaceae,Candida,Candida albicans,f,48.0,84.0,120,37,2,mouth
852,Candida albicans,green_synthesis using Ulva fasciata ,0.66,15.0,spherical,0.0,Fungi,Ascomycota,Saccharomycetes,Saccharomycetales,Debaryomycetaceae,Candida,Candida albicans,f,48.0,84.0,120,37,2,mouth
1149,Acinetobacter baumannii,green_synthesis using Acinetobacter calcoaceticus,1024.0,10.0,spherical,15.0,Bacteria,Pseudomonadota,Gammaproteobacteria,Moraxellales,Moraxellaceae,Acinetobacter,Acinetobacter calcoaceticus/baumannii complex,n,24.0,36.0,48,37,2,urine
1150,Acinetobacter baumannii,green_synthesis using Acinetobacter calcoaceticus,512.0,10.0,spherical,14.0,Bacteria,Pseudomonadota,Gammaproteobacteria,Moraxellales,Moraxellaceae,Acinetobacter,Acinetobacter calcoaceticus/baumannii complex,n,24.0,36.0,48,37,2,urine
1151,Acinetobacter baumannii,green_synthesis using Acinetobacter calcoaceticus,256.0,10.0,spherical,12.0,Bacteria,Pseudomonadota,Gammaproteobacteria,Moraxellales,Moraxellaceae,Acinetobacter,Acinetobacter calcoaceticus/baumannii complex,n,24.0,36.0,48,37,2,urine
1152,Acinetobacter baumannii,green_synthesis using Acinetobacter calcoaceticus,128.0,10.0,spherical,11.0,Bacteria,Pseudomonadota,Gammaproteobacteria,Moraxellales,Moraxellaceae,Acinetobacter,Acinetobacter calcoaceticus/baumannii complex,n,24.0,36.0,48,37,2,urine
1153,Acinetobacter baumannii,green_synthesis using Acinetobacter calcoaceticus,64.0,10.0,spherical,10.0,Bacteria,Pseudomonadota,Gammaproteobacteria,Moraxellales,Moraxellaceae,Acinetobacter,Acinetobacter calcoaceticus/baumannii complex,n,24.0,36.0,48,37,2,urine
1154,Acinetobacter baumannii,green_synthesis using Acinetobacter calcoaceticus,32.0,10.0,spherical,7.0,Bacteria,Pseudomonadota,Gammaproteobacteria,Moraxellales,Moraxellaceae,Acinetobacter,Acinetobacter calcoaceticus/baumannii complex,n,24.0,36.0,48,37,2,urine
1155,Acinetobacter baumannii,green_synthesis using Acinetobacter calcoaceticus,16.0,10.0,spherical,0.0,Bacteria,Pseudomonadota,Gammaproteobacteria,Moraxellales,Moraxellaceae,Acinetobacter,Acinetobacter calcoaceticus/baumannii complex,n,24.0,36.0,48,37,2,urine
1156,Klebsiella aerogenes,green_synthesis using Acinetobacter calcoaceticus,1024.0,10.0,spherical,12.0,Bacteria,Pseudomonadota,Gammaproteobacteria,Enterobacterales,Enterobacteriaceae,Klebsiella/Raoultella group,Klebsiella,n,12.0,18.0,24,37,2,respiratory tract
1157,Klebsiella aerogenes,green_synthesis using Acinetobacter calcoaceticus,512.0,10.0,spherical,11.0,Bacteria,Pseudomonadota,Gammaproteobacteria,Enterobacterales,Enterobacteriaceae,Klebsiella/Raoultella group,Klebsiella,n,12.0,18.0,24,37,2,respiratory tract
1158,Klebsiella aerogenes,green_synthesis using Acinetobacter calcoaceticus,256.0,10.0,spherical,10.0,Bacteria,Pseudomonadota,Gammaproteobacteria,Enterobacterales,Enterobacteriaceae,Klebsiella/Raoultella group,Klebsiella,n,12.0,18.0,24,37,2,respiratory tract
1159,Klebsiella aerogenes,green_synthesis using Acinetobacter calcoaceticus,128.0,10.0,spherical,9.0,Bacteria,Pseudomonadota,Gammaproteobacteria,Enterobacterales,Enterobacteriaceae,Klebsiella/Raoultella group,Klebsiella,n,12.0,18.0,24,37,2,respiratory tract
1160,Klebsiella aerogenes,green_synthesis using Acinetobacter calcoaceticus,64.0,10.0,spherical,8.0,Bacteria,Pseudomonadota,Gammaproteobacteria,Enterobacterales,Enterobacteriaceae,Klebsiella/Raoultella group,Klebsiella,n,12.0,18.0,24,37,2,respiratory tract
1161,Klebsiella aerogenes,green_synthesis using Acinetobacter calcoaceticus,32.0,10.0,spherical,0.0,Bacteria,Pseudomonadota,Gammaproteobacteria,Enterobacterales,Enterobacteriaceae,Klebsiella/Raoultella group,Klebsiella,n,12.0,18.0,24,37,2,respiratory tract
1162,Klebsiella aerogenes,green_synthesis using Acinetobacter calcoaceticus,16.0,10.0,spherical,0.0,Bacteria,Pseudomonadota,Gammaproteobacteria,Enterobacterales,Enterobacteriaceae,Klebsiella/Raoultella group,Klebsiella,n,12.0,18.0,24,37,2,respiratory tract
1163,Escherichia coli,green_synthesis using Acinetobacter calcoaceticus,1024.0,10.0,spherical,14.0,Bacteria,Pseudomonadota,Gammaproteobacteria,Enterobacterales,Enterobacteriaceae,Escherichia,Escherichia coli,n,48.0,84.0,120,37,2,urine
1164,Escherichia coli,green_synthesis using Acinetobacter calcoaceticus,512.0,10.0,spherical,12.0,Bacteria,Pseudomonadota,Gammaproteobacteria,Enterobacterales,Enterobacteriaceae,Escherichia,Escherichia coli,n,48.0,84.0,120,37,2,urine
1165,Escherichia coli,green_synthesis using Acinetobacter calcoaceticus,256.0,10.0,spherical,10.0,Bacteria,Pseudomonadota,Gammaproteobacteria,Enterobacterales,Enterobacteriaceae,Escherichia,Escherichia coli,n,48.0,84.0,120,37,2,urine
1166,Escherichia coli,green_synthesis using Acinetobacter calcoaceticus,128.0,10.0,spherical,8.0,Bacteria,Pseudomonadota,Gammaproteobacteria,Enterobacterales,Enterobacteriaceae,Escherichia,Escherichia coli,n,48.0,84.0,120,37,2,urine
1167,Escherichia coli,green_synthesis using Acinetobacter calcoaceticus,64.0,10.0,spherical,0.0,Bacteria,Pseudomonadota,Gammaproteobacteria,Enterobacterales,Enterobacteriaceae,Escherichia,Escherichia coli,n,48.0,84.0,120,37,2,urine
1168,Escherichia coli,green_synthesis using Acinetobacter calcoaceticus,32.0,10.0,spherical,0.0,Bacteria,Pseudomonadota,Gammaproteobacteria,Enterobacterales,Enterobacteriaceae,Escherichia,Escherichia coli,n,48.0,84.0,120,37,2,urine
1169,Escherichia coli,green_synthesis using Acinetobacter calcoaceticus,16.0,10.0,spherical,0.0,Bacteria,Pseudomonadota,Gammaproteobacteria,Enterobacterales,Enterobacteriaceae,Escherichia,Escherichia coli,n,48.0,84.0,120,37,2,urine
1170,Pseudomonas aeruginosa,green_synthesis using Acinetobacter calcoaceticus,1024.0,10.0,spherical,17.0,Bacteria,Pseudomonadota,Gammaproteobacteria,Pseudomonadales,Pseudomonadaceae,Pseudomonas,Pseudomonas aeruginosa group,n,24.0,48.0,72,37,2,soil
1171,Pseudomonas aeruginosa,green_synthesis using Acinetobacter calcoaceticus,512.0,10.0,spherical,15.0,Bacteria,Pseudomonadota,Gammaproteobacteria,Pseudomonadales,Pseudomonadaceae,Pseudomonas,Pseudomonas aeruginosa group,n,24.0,48.0,72,37,2,soil
1172,Pseudomonas aeruginosa,green_synthesis using Acinetobacter calcoaceticus,256.0,10.0,spherical,14.0,Bacteria,Pseudomonadota,Gammaproteobacteria,Pseudomonadales,Pseudomonadaceae,Pseudomonas,Pseudomonas aeruginosa group,n,24.0,48.0,72,37,2,soil
1173,Pseudomonas aeruginosa,green_synthesis using Acinetobacter calcoaceticus,128.0,10.0,spherical,12.0,Bacteria,Pseudomonadota,Gammaproteobacteria,Pseudomonadales,Pseudomonadaceae,Pseudomonas,Pseudomonas aeruginosa group,n,24.0,48.0,72,37,2,soil
1174,Pseudomonas aeruginosa,green_synthesis using Acinetobacter calcoaceticus,64.0,10.0,spherical,11.0,Bacteria,Pseudomonadota,Gammaproteobacteria,Pseudomonadales,Pseudomonadaceae,Pseudomonas,Pseudomonas aeruginosa group,n,24.0,48.0,72,37,2,soil
1175,Pseudomonas aeruginosa,green_synthesis using Acinetobacter calcoaceticus,32.0,10.0,spherical,10.0,Bacteria,Pseudomonadota,Gammaproteobacteria,Pseudomonadales,Pseudomonadaceae,Pseudomonas,Pseudomonas aeruginosa group,n,24.0,48.0,72,37,2,soil
1176,Pseudomonas aeruginosa,green_synthesis using Acinetobacter calcoaceticus,16.0,10.0,spherical,8.0,Bacteria,Pseudomonadota,Gammaproteobacteria,Pseudomonadales,Pseudomonadaceae,Pseudomonas,Pseudomonas aeruginosa group,n,24.0,48.0,72,37,2,soil
1177,Shigella sonnei,green_synthesis using Acinetobacter calcoaceticus,1024.0,10.0,spherical,14.0,Bacteria,Pseudomonadota,Gammaproteobacteria,Enterobacterales,Enterobacteriaceae,Shigella,Shigella sonnei,n,12.0,54.0,96,37,2,water
1178,Shigella sonnei,green_synthesis using Acinetobacter calcoaceticus,512.0,10.0,spherical,13.0,Bacteria,Pseudomonadota,Gammaproteobacteria,Enterobacterales,Enterobacteriaceae,Shigella,Shigella sonnei,n,12.0,54.0,96,37,2,water
1179,Shigella sonnei,green_synthesis using Acinetobacter calcoaceticus,256.0,10.0,spherical,12.0,Bacteria,Pseudomonadota,Gammaproteobacteria,Enterobacterales,Enterobacteriaceae,Shigella,Shigella sonnei,n,12.0,54.0,96,37,2,water
1180,Shigella sonnei,green_synthesis using Acinetobacter calcoaceticus,128.0,10.0,spherical,10.0,Bacteria,Pseudomonadota,Gammaproteobacteria,Enterobacterales,Enterobacteriaceae,Shigella,Shigella sonnei,n,12.0,54.0,96,37,2,water
1181,Shigella sonnei,green_synthesis using Acinetobacter calcoaceticus,64.0,10.0,spherical,9.0,Bacteria,Pseudomonadota,Gammaproteobacteria,Enterobacterales,Enterobacteriaceae,Shigella,Shigella sonnei,n,12.0,54.0,96,37,2,water
1182,Shigella sonnei,green_synthesis using Acinetobacter calcoaceticus,32.0,10.0,spherical,8.0,Bacteria,Pseudomonadota,Gammaproteobacteria,Enterobacterales,Enterobacteriaceae,Shigella,Shigella sonnei,n,12.0,54.0,96,37,2,water
1183,Shigella sonnei,green_synthesis using Acinetobacter calcoaceticus,16.0,10.0,spherical,7.0,Bacteria,Pseudomonadota,Gammaproteobacteria,Enterobacterales,Enterobacteriaceae,Shigella,Shigella sonnei,n,12.0,54.0,96,37,2,water
1184,Salmonella typhimurium,green_synthesis using Acinetobacter calcoaceticus,1024.0,10.0,spherical,13.0,Bacteria,Pseudomonadota,Gammaproteobacteria,Enterobacterales,Enterobacteriaceae,Salmonella,Salmonella enterica,n,6.0,39.0,72,37,2,meat
1185,Salmonella typhimurium,green_synthesis using Acinetobacter calcoaceticus,512.0,10.0,spherical,11.0,Bacteria,Pseudomonadota,Gammaproteobacteria,Enterobacterales,Enterobacteriaceae,Salmonella,Salmonella enterica,n,6.0,39.0,72,37,2,meat
1186,Salmonella typhimurium,green_synthesis using Acinetobacter calcoaceticus,256.0,10.0,spherical,8.0,Bacteria,Pseudomonadota,Gammaproteobacteria,Enterobacterales,Enterobacteriaceae,Salmonella,Salmonella enterica,n,6.0,39.0,72,37,2,meat
1187,Salmonella typhimurium,green_synthesis using Acinetobacter calcoaceticus,128.0,10.0,spherical,0.0,Bacteria,Pseudomonadota,Gammaproteobacteria,Enterobacterales,Enterobacteriaceae,Salmonella,Salmonella enterica,n,6.0,39.0,72,37,2,meat
1188,Salmonella typhimurium,green_synthesis using Acinetobacter calcoaceticus,64.0,10.0,spherical,0.0,Bacteria,Pseudomonadota,Gammaproteobacteria,Enterobacterales,Enterobacteriaceae,Salmonella,Salmonella enterica,n,6.0,39.0,72,37,2,meat
1189,Salmonella typhimurium,green_synthesis using Acinetobacter calcoaceticus,32.0,10.0,spherical,0.0,Bacteria,Pseudomonadota,Gammaproteobacteria,Enterobacterales,Enterobacteriaceae,Salmonella,Salmonella enterica,n,6.0,39.0,72,37,2,meat
1190,Salmonella typhimurium,green_synthesis using Acinetobacter calcoaceticus,16.0,10.0,spherical,0.0,Bacteria,Pseudomonadota,Gammaproteobacteria,Enterobacterales,Enterobacteriaceae,Salmonella,Salmonella enterica,n,6.0,39.0,72,37,2,meat
1191,Staphylococcus aureus,green_synthesis using Acinetobacter calcoaceticus,1024.0,10.0,spherical,7.0,Bacteria,Bacillota,Bacilli,Bacillales,Staphylococcaceae,Staphylococcus,Staphylococcus aureus,p,24.0,36.0,48,37,2,skin
1192,Staphylococcus aureus,green_synthesis using Acinetobacter calcoaceticus,512.0,10.0,spherical,0.0,Bacteria,Bacillota,Bacilli,Bacillales,Staphylococcaceae,Staphylococcus,Staphylococcus aureus,p,24.0,36.0,48,37,2,skin
1193,Staphylococcus aureus,green_synthesis using Acinetobacter calcoaceticus,256.0,10.0,spherical,0.0,Bacteria,Bacillota,Bacilli,Bacillales,Staphylococcaceae,Staphylococcus,Staphylococcus aureus,p,24.0,36.0,48,37,2,skin
1194,Staphylococcus aureus,green_synthesis using Acinetobacter calcoaceticus,128.0,10.0,spherical,0.0,Bacteria,Bacillota,Bacilli,Bacillales,Staphylococcaceae,Staphylococcus,Staphylococcus aureus,p,24.0,36.0,48,37,2,skin
1195,Staphylococcus aureus,green_synthesis using Acinetobacter calcoaceticus,64.0,10.0,spherical,0.0,Bacteria,Bacillota,Bacilli,Bacillales,Staphylococcaceae,Staphylococcus,Staphylococcus aureus,p,24.0,36.0,48,37,2,skin
1196,Staphylococcus aureus,green_synthesis using Acinetobacter calcoaceticus,32.0,10.0,spherical,0.0,Bacteria,Bacillota,Bacilli,Bacillales,Staphylococcaceae,Staphylococcus,Staphylococcus aureus,p,24.0,36.0,48,37,2,skin
1197,Staphylococcus aureus,green_synthesis using Acinetobacter calcoaceticus,16.0,10.0,spherical,0.0,Bacteria,Bacillota,Bacilli,Bacillales,Staphylococcaceae,Staphylococcus,Staphylococcus aureus,p,24.0,36.0,48,37,2,skin
1198,Streptococcus mutans,green_synthesis using Acinetobacter calcoaceticus,1024.0,10.0,spherical,12.0,Bacteria,Bacillota,Bacilli,Lactobacillales,Streptococcaceae,Streptococcus,Streptococcus mutans,p,24.0,36.0,48,37,2,carious dentine
1199,Streptococcus mutans,green_synthesis using Acinetobacter calcoaceticus,512.0,10.0,spherical,10.0,Bacteria,Bacillota,Bacilli,Lactobacillales,Streptococcaceae,Streptococcus,Streptococcus mutans,p,24.0,36.0,48,37,2,carious dentine
1200,Streptococcus mutans,green_synthesis using Acinetobacter calcoaceticus,256.0,10.0,spherical,9.0,Bacteria,Bacillota,Bacilli,Lactobacillales,Streptococcaceae,Streptococcus,Streptococcus mutans,p,24.0,36.0,48,37,2,carious dentine
1201,Streptococcus mutans,green_synthesis using Acinetobacter calcoaceticus,128.0,10.0,spherical,8.0,Bacteria,Bacillota,Bacilli,Lactobacillales,Streptococcaceae,Streptococcus,Streptococcus mutans,p,24.0,36.0,48,37,2,carious dentine
1202,Streptococcus mutans,green_synthesis using Acinetobacter calcoaceticus,64.0,10.0,spherical,7.0,Bacteria,Bacillota,Bacilli,Lactobacillales,Streptococcaceae,Streptococcus,Streptococcus mutans,p,24.0,36.0,48,37,2,carious dentine
1203,Streptococcus mutans,green_synthesis using Acinetobacter calcoaceticus,32.0,10.0,spherical,0.0,Bacteria,Bacillota,Bacilli,Lactobacillales,Streptococcaceae,Streptococcus,Streptococcus mutans,p,24.0,36.0,48,37,2,carious dentine
1204,Streptococcus mutans,green_synthesis using Acinetobacter calcoaceticus,16.0,10.0,spherical,0.0,Bacteria,Bacillota,Bacilli,Lactobacillales,Streptococcaceae,Streptococcus,Streptococcus mutans,p,24.0,36.0,48,37,2,carious dentine
1519,Pseudomonas aeruginosa,green_synthesis from  Eurotium cristatum,5.0,17.5,spherical,7.4,Bacteria,Pseudomonadota,Gammaproteobacteria,Pseudomonadales,Pseudomonadaceae,Pseudomonas,Pseudomonas aeruginosa group,n,24.0,48.0,72,37,2,soil
1520,Escherichia coli,green_synthesis from  Eurotium cristatum,5.0,17.5,spherical,6.6,Bacteria,Pseudomonadota,Gammaproteobacteria,Enterobacterales,Enterobacteriaceae,Escherichia,Escherichia coli,n,48.0,84.0,120,37,2,urine
1521,Staphylococcus aureus,green_synthesis from  Eurotium cristatum,5.0,17.5,spherical,7.3,Bacteria,Bacillota,Bacilli,Bacillales,Staphylococcaceae,Staphylococcus,Staphylococcus aureus,p,24.0,36.0,48,37,2,skin
1522,Candida albicans,green_synthesis from  Eurotium cristatum,5.0,17.5,spherical,8.2,Fungi,Ascomycota,Saccharomycetes,Saccharomycetales,Debaryomycetaceae,Candida,Candida albicans,f,48.0,84.0,120,37,2,mouth
1523,Bacillus subtilis,green_synthesis from  Eurotium cristatum,5.0,17.5,spherical,6.2,Bacteria,Bacillota,Bacilli,Bacillales,Bacillaceae,Bacillus,Bacillus subtilis group,p,0.16,7.08,14,30,1,soil
1524,Pseudomonas aeruginosa,green_synthesis from  Eurotium cristatum,10.0,17.5,spherical,14.9,Bacteria,Pseudomonadota,Gammaproteobacteria,Pseudomonadales,Pseudomonadaceae,Pseudomonas,Pseudomonas aeruginosa group,n,24.0,48.0,72,37,2,soil
1525,Escherichia coli,green_synthesis from  Eurotium cristatum,10.0,17.5,spherical,9.6,Bacteria,Pseudomonadota,Gammaproteobacteria,Enterobacterales,Enterobacteriaceae,Escherichia,Escherichia coli,n,48.0,84.0,120,37,2,urine
1526,Staphylococcus aureus,green_synthesis from  Eurotium cristatum,10.0,17.5,spherical,10.5,Bacteria,Bacillota,Bacilli,Bacillales,Staphylococcaceae,Staphylococcus,Staphylococcus aureus,p,24.0,36.0,48,37,2,skin
1527,Candida albicans,green_synthesis from  Eurotium cristatum,10.0,17.5,spherical,16.0,Fungi,Ascomycota,Saccharomycetes,Saccharomycetales,Debaryomycetaceae,Candida,Candida albicans,f,48.0,84.0,120,37,2,mouth
1528,Bacillus subtilis,green_synthesis from  Eurotium cristatum,10.0,17.5,spherical,12.3,Bacteria,Bacillota,Bacilli,Bacillales,Bacillaceae,Bacillus,Bacillus subtilis group,p,0.16,7.08,14,30,1,soil
1529,Candida albicans,green_synthesis from  Eurotium cristatum,5.0,17.5,spherical,8.2,Fungi,Ascomycota,Saccharomycetes,Saccharomycetales,Debaryomycetaceae,Candida,Candida albicans,f,48.0,84.0,120,37,2,mouth
1530,Escherichia coli,green_synthesis from  Eurotium cristatum,5.0,17.5,spherical,6.6,Bacteria,Pseudomonadota,Gammaproteobacteria,Enterobacterales,Enterobacteriaceae,Escherichia,Escherichia coli,n,48.0,84.0,120,37,2,urine
1531,Pseudomonas aeruginosa,green_synthesis from  Eurotium cristatum,5.0,17.5,spherical,7.4,Bacteria,Pseudomonadota,Gammaproteobacteria,Pseudomonadales,Pseudomonadaceae,Pseudomonas,Pseudomonas aeruginosa group,n,24.0,48.0,72,37,2,soil
1532,Candida albicans,green_synthesis from  Eurotium cristatum,5.0,17.5,spherical,8.2,Fungi,Ascomycota,Saccharomycetes,Saccharomycetales,Debaryomycetaceae,Candida,Candida albicans,f,48.0,84.0,120,37,2,mouth
1533,Escherichia coli,green_synthesis from  Eurotium cristatum,5.0,17.5,spherical,6.6,Bacteria,Pseudomonadota,Gammaproteobacteria,Enterobacterales,Enterobacteriaceae,Escherichia,Escherichia coli,n,48.0,84.0,120,37,2,urine
1534,Pseudomonas aeruginosa,green_synthesis from  Eurotium cristatum,5.0,17.5,spherical,7.4,Bacteria,Pseudomonadota,Gammaproteobacteria,Pseudomonadales,Pseudomonadaceae,Pseudomonas,Pseudomonas aeruginosa group,n,24.0,48.0,72,37,2,soil
1535,Bacillus subtilis,green_synthesis from  Eurotium cristatum,5.0,17.5,spherical,6.2,Bacteria,Bacillota,Bacilli,Bacillales,Bacillaceae,Bacillus,Bacillus subtilis group,p,0.16,7.08,14,30,1,soil
1536,Candida albicans,green_synthesis from  Eurotium cristatum,5.0,17.5,spherical,8.2,Fungi,Ascomycota,Saccharomycetes,Saccharomycetales,Debaryomycetaceae,Candida,Candida albicans,f,48.0,84.0,120,37,2,mouth
1537,Pseudomonas aeruginosa,green_synthesis from  Eurotium cristatum,5.0,17.5,spherical,7.4,Bacteria,Pseudomonadota,Gammaproteobacteria,Pseudomonadales,Pseudomonadaceae,Pseudomonas,Pseudomonas aeruginosa group,n,24.0,48.0,72,37,2,soil
1538,Staphylococcus aureus,green_synthesis from  Eurotium cristatum,5.0,17.5,spherical,7.3,Bacteria,Bacillota,Bacilli,Bacillales,Staphylococcaceae,Staphylococcus,Staphylococcus aureus,p,24.0,36.0,48,37,2,skin
1539,Candida albicans,green_synthesis from  Eurotium cristatum,5.0,17.5,spherical,8.2,Fungi,Ascomycota,Saccharomycetes,Saccharomycetales,Debaryomycetaceae,Candida,Candida albicans,f,48.0,84.0,120,37,2,mouth
1540,Pseudomonas aeruginosa,green_synthesis from  Eurotium cristatum,5.0,17.5,spherical,7.4,Bacteria,Pseudomonadota,Gammaproteobacteria,Pseudomonadales,Pseudomonadaceae,Pseudomonas,Pseudomonas aeruginosa group,n,24.0,48.0,72,37,2,soil
1541,Candida albicans,green_synthesis from  Eurotium cristatum,5.0,17.5,spherical,8.2,Fungi,Ascomycota,Saccharomycetes,Saccharomycetales,Debaryomycetaceae,Candida,Candida albicans,f,48.0,84.0,120,37,2,mouth
1542,Candida albicans,green_synthesis from  Eurotium cristatum,5.0,17.5,spherical,8.2,Fungi,Ascomycota,Saccharomycetes,Saccharomycetales,Debaryomycetaceae,Candida,Candida albicans,f,48.0,84.0,120,37,2,mouth
1543,Pseudomonas aeruginosa,green_synthesis from  Eurotium cristatum,5.0,17.5,spherical,7.4,Bacteria,Pseudomonadota,Gammaproteobacteria,Pseudomonadales,Pseudomonadaceae,Pseudomonas,Pseudomonas aeruginosa group,n,24.0,48.0,72,37,2,soil
1544,Candida albicans,green_synthesis from  Eurotium cristatum,5.0,17.5,spherical,8.2,Fungi,Ascomycota,Saccharomycetes,Saccharomycetales,Debaryomycetaceae,Candida,Candida albicans,f,48.0,84.0,120,37,2,mouth
1545,Escherichia coli,green_synthesis from  Eurotium cristatum,5.0,17.5,spherical,6.6,Bacteria,Pseudomonadota,Gammaproteobacteria,Enterobacterales,Enterobacteriaceae,Escherichia,Escherichia coli,n,48.0,84.0,120,37,2,urine
1546,Pseudomonas aeruginosa,green_synthesis from  Eurotium cristatum,5.0,17.5,spherical,7.4,Bacteria,Pseudomonadota,Gammaproteobacteria,Pseudomonadales,Pseudomonadaceae,Pseudomonas,Pseudomonas aeruginosa group,n,24.0,48.0,72,37,2,soil
1547,Candida albicans,green_synthesis from  Eurotium cristatum,5.0,17.5,spherical,8.2,Fungi,Ascomycota,Saccharomycetes,Saccharomycetales,Debaryomycetaceae,Candida,Candida albicans,f,48.0,84.0,120,37,2,mouth
1548,Escherichia coli,green_synthesis from  Eurotium cristatum,5.0,17.5,spherical,6.6,Bacteria,Pseudomonadota,Gammaproteobacteria,Enterobacterales,Enterobacteriaceae,Escherichia,Escherichia coli,n,48.0,84.0,120,37,2,urine
1549,Pseudomonas aeruginosa,green_synthesis from  Eurotium cristatum,5.0,17.5,spherical,7.4,Bacteria,Pseudomonadota,Gammaproteobacteria,Pseudomonadales,Pseudomonadaceae,Pseudomonas,Pseudomonas aeruginosa group,n,24.0,48.0,72,37,2,soil
1550,Candida albicans,green_synthesis from  Eurotium cristatum,5.0,17.5,spherical,8.2,Fungi,Ascomycota,Saccharomycetes,Saccharomycetales,Debaryomycetaceae,Candida,Candida albicans,f,48.0,84.0,120,37,2,mouth
1551,Escherichia coli,green_synthesis from  Eurotium cristatum,5.0,17.5,spherical,6.6,Bacteria,Pseudomonadota,Gammaproteobacteria,Enterobacterales,Enterobacteriaceae,Escherichia,Escherichia coli,n,48.0,84.0,120,37,2,urine
1552,Pseudomonas aeruginosa,green_synthesis from  Eurotium cristatum,5.0,17.5,spherical,7.4,Bacteria,Pseudomonadota,Gammaproteobacteria,Pseudomonadales,Pseudomonadaceae,Pseudomonas,Pseudomonas aeruginosa group,n,24.0,48.0,72,37,2,soil
1553,Candida albicans,green_synthesis from  Eurotium cristatum,5.0,17.5,spherical,8.2,Fungi,Ascomycota,Saccharomycetes,Saccharomycetales,Debaryomycetaceae,Candida,Candida albicans,f,48.0,84.0,120,37,2,mouth
1554,Escherichia coli,green_synthesis from  Eurotium cristatum,5.0,17.5,spherical,6.6,Bacteria,Pseudomonadota,Gammaproteobacteria,Enterobacterales,Enterobacteriaceae,Escherichia,Escherichia coli,n,48.0,84.0,120,37,2,urine
1555,Pseudomonas aeruginosa,green_synthesis from  Eurotium cristatum,5.0,17.5,spherical,7.4,Bacteria,Pseudomonadota,Gammaproteobacteria,Pseudomonadales,Pseudomonadaceae,Pseudomonas,Pseudomonas aeruginosa group,n,24.0,48.0,72,37,2,soil
1556,Candida albicans,green_synthesis from  Eurotium cristatum,5.0,17.5,spherical,8.2,Fungi,Ascomycota,Saccharomycetes,Saccharomycetales,Debaryomycetaceae,Candida,Candida albicans,f,48.0,84.0,120,37,2,mouth
1557,Pseudomonas aeruginosa,green_synthesis from  Eurotium cristatum,5.0,17.5,spherical,7.4,Bacteria,Pseudomonadota,Gammaproteobacteria,Pseudomonadales,Pseudomonadaceae,Pseudomonas,Pseudomonas aeruginosa group,n,24.0,48.0,72,37,2,soil
1558,Candida albicans,green_synthesis from  Eurotium cristatum,5.0,17.5,spherical,8.2,Fungi,Ascomycota,Saccharomycetes,Saccharomycetales,Debaryomycetaceae,Candida,Candida albicans,f,48.0,84.0,120,37,2,mouth
1559,Escherichia coli,green_synthesis from  Eurotium cristatum,5.0,17.5,spherical,6.6,Bacteria,Pseudomonadota,Gammaproteobacteria,Enterobacterales,Enterobacteriaceae,Escherichia,Escherichia coli,n,48.0,84.0,120,37,2,urine
1560,Pseudomonas aeruginosa,green_synthesis from  Eurotium cristatum,5.0,17.5,spherical,7.4,Bacteria,Pseudomonadota,Gammaproteobacteria,Pseudomonadales,Pseudomonadaceae,Pseudomonas,Pseudomonas aeruginosa group,n,24.0,48.0,72,37,2,soil
